place_name,latitude,longitude,address
ONE Bank Corporate Office,23.7542144,90.3930394,"ONE Bank Corporate Office, 22 Kawran Bazar Rd, Dhaka 1215"
Headoffice Communication,23.7563756,90.3846132,"House 38/1 (1st Floor, Headoffice Communication, Indira Rd, Dhaka 1215"
Bengal Plywood Head Office.,23.7518585,90.395922,"Bengal Plywood Head Office., 30 Kawran Bazar Rd, Dhaka 1215"
Bay Dredgers Ltd,23.7507869,90.3953651,"Bay Dredgers Ltd, TCB Building, Dhaka 1215"
Newage Group Head Office,23.7559673,90.3855618,"Newage Group Head Office, 42/I Indira Rd, Dhaka 1215"
Royal Group Bangladesh (Head Office),23.7420133,90.3824139,"3rd Floor, Royal Group Bangladesh (Head Office), House 8/A, Road- 4, Royal Plaza, Dhaka 1205"
Head Office Hamdard Laboratories (WAQF) Bangladesh,23.7455806,90.3953651,"Head Office Hamdard Laboratories (WAQF) Bangladesh, Rupayan Trade Center, Level: 12-13, Kazi Nazrul Islam Ave, Dhaka"
Bengal Agencies Limited. ( Corporate Head office ),23.7439822,90.3928244,"Bengal Agencies Limited. ( Corporate Head office ), JB Tower, 21, Poribagh Rd Number 2, Dhaka 1000"
Bengal Agencies Limited. ( Corporate Head office ),23.7946022,90.4060263,"Bengal Agencies Limited. ( Corporate Head office ), JB Tower, 21, Poribagh Rd Number 2, Dhaka 1000"
ASBRM Head Office,23.7345803,90.4099104,"ASBRM Head Office, ১৯৮, Shahid Nazrul Islam Rd"
AHL Export International,23.7700438,90.4084316,"AHL Export International, KA-31/C, (1st Floor), Flat-A2, South Mohakhali, Dhaka 1212"
Badsha Group Of Industries (Head Office),23.7598062,90.3967198,"Badsha Group Of Industries (Head Office), Phoenix Tower, 407 Shaheed Tajuddin Ahmed Ave, Dhaka 1208"
Tiger Cement Head Office,23.7598245,90.3913398,"P9RP+P2F Tiger Cement Head Office, Central Rd, Dhaka 1205"
Ekattor Television Ltd,23.7508382,90.3934146,"Ekattor Television Ltd, 12 BDBL Bhavan (Level 4, Dhaka 1215, 1215, 1215"
Ekattor Television Ltd,23.75177,90.39625,"Ekattor Television Ltd, 12 BDBL Bhavan (Level 4, Dhaka 1215, 1215, 1215"
BRAC Bank Head Office,23.7718044,90.4063721,"BRAC Bank Head Office, Anik Tower, 220/B Bir Uttam Mir Shawkat Sarak, Dhaka 1208"
Premier Cement Mills PLC,23.7511178,90.3931939,"Premier Cement Mills PLC, T.K Bhaban, 13 Kawran Bazar Rd, Dhaka 1215"
Bangladesh Paper Mills LTD (Head Office),23.7337347,90.4065354,"Bangladesh Paper Mills LTD (Head Office), 28/B Segun Bagicha Rd, Dhaka 1000"
Younus Group Head Office,23.7414096,90.3867909,"1205, Younus Group Head Office, 51 Central Rd, Dhaka 1205"
Younus Group Head Office,23.7524948,90.3929228,"1205, Younus Group Head Office, 51 Central Rd, Dhaka 1205"
Federal Insurance Co. Ltd.,23.7500651,90.3911436,"Federal Insurance Co. Ltd., 91, 2nd Fl, Kazi Nazrul Islam Avenue, Kawran Bazar, Dhaka 1215"
Runner Group,23.7624905,90.4067269,"138/1, Runner Group, Dhaka 1208"
SKS Head Office,23.7370964,90.4112467,"SKS Head Office, Level-10, SKS Tower7, VIP Rd"
G Gas Head Office,23.7665222,90.3965375,"Q98W+JJ3 G Gas Head Office, Dhaka 1205"
Meena Bazar Head Office,23.7532279,90.3695246,"House-44, Meena Bazar Head Office, Gemcon Builing, Dhaka 1205"
Team Pharmaceuticals Ltd.,23.7516754,90.3958092,"Team Pharmaceuticals Ltd., 29 Kawran Bazar Rd, Dhaka 1215"
Al-Noor Corporation,23.7395165,90.3820227,"Al-Noor Corporation, 68, Chowdhorypara, 1219, Malibagh Chowdhury Para Rd, Dhaka"
"Rangpur Group, Head Office",23.7624492,90.371437,"Rangpur Group, Head Office, AB-4, Halcyon Heights Plot: 2/3, Block: A, Asad Gate, Mirpur Road, Mohammadpur Dhaka-1207, Dhaka, 1207"
ASPOR Head Office,23.732899,90.4139413,"ASPOR Head Office, 95 Khan Tower, 2/4 (2nd Floor, Mosque Rd, Dhaka 1000"
The Rose Fashion Designer,23.7462587,90.3937642,"Flat 6A, The Rose Fashion Designer, 65 Mymensingh Ln, Dhaka 1000"
Roxy Paints Ltd. Corporate Head Office,23.754128,90.3747625,"Roxy Paints Ltd. Corporate Head Office, House#8 Road#14 (New) 29 (Old), Dhanmondi, Dhaka, 1209"
IBM Bangladesh Head Office,23.7405591,90.3965593,"Building No 1, IBM Bangladesh Head Office, at BSL Complex, 1 Minto Rd, Dhaka 1000"
Confidence Group,23.7504328,90.3920269,"Level 6-7, Confidence Group, Unique Trade Centre, 8 Panthapath, Dhaka 1215"
Confidence Group,23.7721039,90.4036662,"Level 6-7, Confidence Group, Unique Trade Centre, 8 Panthapath, Dhaka 1215"
Mycash Head Office,23.7324127,90.4129385,"Mycash Head Office, Swadesh Tower (Level 10), 41/6, Culvert Road, Dhaka 1000"
bKash Head Office 02,23.7784113,90.3971352,"Q9HW+9V6 bKash Head Office 02, Dhaka 1205"
Robintex Group,23.7510835,90.3933624,"Robintex Group, 8th floor, T.K. Bhaban,Towfiq Hossain - Aah Towfiq Avenue, Near, 13 Kazi Nazrul Islam Ave, Dhaka 1215"
"Petrobangla (Bangladesh Oil, Gas & Mineral Corporation)",23.7507424,90.3945922,"Petrobangla (Bangladesh Oil, Gas & Mineral Corporation), 3 Kawran Bazar Rd, Dhaka 1215"
Gazi Group Head Office,23.732844,90.4120323,"PCM6+4RM Gazi Group Head Office, Culvert Road, Dhaka 1205"
"Dhaks Liason Office, Sylhet GAS Fields Limited",23.750694,90.3946388,"13th floor, Dhaks Liason Office, Sylhet GAS Fields Limited, Petrocenter, 3 Kawran Bazar Rd, Dhaka 1215"
Kawasaki Bangladesh Head Office,23.7666029,90.4047955,"Kawasaki Bangladesh Head Office, 277 Tejgaon I/A, Dhaka, 1208"
Pioneer Insurance,23.770285,90.4050817,"Pioneer Insurance, 67, Suite#10/2, 9th Floor, City Heart Shopping Complex, Dhaka 1000"
AMEZ Head Office,23.7490263,90.3920915,"AMEZ Head Office, Road, Sonargaon, 111 Sonargaon Road, Dhaka 1205"
Agrani Apartment Ltd,23.7452268,90.4045878,"Agrani Apartment Ltd, Boro Moghbazar, 128, Dhaka 1217"
Onnow - Tejgaon,23.7702399,90.4061032,"2nd floor, Onnow - Tejgaon, western garden city, 443 E Nakhalpara Rd, Dhaka 1215"
FAR GROUP Head office,23.7732838,90.4075231,"QCF5+826 FAR GROUP Head office, Dhaka 1212"
NCCB Head Office,23.7417021,90.4089501,"143/1, NCCB Head Office, New Bailey Rd, Dhaka 1205"
Al-Muslim Group Head Office,23.7523702,90.414924,"Al-Muslim Group Head Office, 34/B Malibagh Chowdhury Para Rd, Dhaka 1219"
"Demand, Head Office",23.7485384,90.4109534,"Demand, Head Office, Plaza, Boro Moghbazar, 78, Dhaka 1217"
MEDLEY GROUP Head Office,23.7312087,90.4116726,"MEDLEY GROUP Head Office, 31/1 Purana Paltan, Dhaka 1000"
Lube Asia & Unique Consortium Head Office,23.7378449,90.3813508,"Lube Asia & Unique Consortium Head Office, 1 Rd No. 1, Dhaka 1205"
Auto Bricks- Autokap Bricks Limited,23.7562373,90.3746671,"floor, 300/5/A, Auto Bricks- Autokap Bricks Limited, Hamid plaza, 6th, 1 Sonargaon Road, Dhaka 1205"
Impress-Newtex Composite Textiles Ltd. (Corporate Head Office),23.7695489,90.402137,"260/B, Impress-Newtex Composite Textiles Ltd. (Corporate Head Office), Evergreen Plaza, Dhaka 1208"
মাল্টিমোড গ্রুপ,23.7481014,90.3923017,"মাল্টিমোড গ্রুপ, Anchor Tower, 108 Sonargaon Road, Dhaka 1205"
Lights Communication Ltd. Head Office.,23.7388137,90.3892986,"Lights Communication Ltd. Head Office., 236, Sheltech Sierra, New Elephant Rd, Dhaka 1205"
I&I Services Ltd. (Head Office),23.7403398,90.3785197,"I&I Services Ltd. (Head Office), House#33 Road#04, Dhaka 1205"
ABS Cables Limited,23.7341623,90.4100467,"ABS Cables Limited, Lake Circus, ENA Tower DE OLIO , Plot # 57/3, Flat # 602, West Panthapath, Dhaka 1215"
Abedin Group Head Office,23.762498,90.3712506,"Abedin Group Head Office, Dream, House # 2/4, (2nd Floor Block # A Mohammadpur Housing Estate,Mirpur Road (Opposite to National Parliament House, Dhaka 1207"
ZeiL'S Shop Ltd. Head Office,23.7350281,90.4075006,"PCP5+226 ZeiL'S Shop Ltd. Head Office, Dhaka 1205"
Keari Sindbad (Head Office),23.7439434,90.3725502,"8/A, Keari Sindbad (Head Office), KEARI Plaza, (6th Floor) 83, 1209 Satmasjid Road, Dhaka 1209"
Universal Computer BD (Head Office),23.7391435,90.3856539,"Universal Computer BD (Head Office), Rahmania Bhavan, 73 New Elephant Rd, Dhaka 1205"
Modhumoti Group,23.506657,90.3443647,"Modhumoti Group, 25/2 Green Rd, Dhaka 1205"
MB Solutions Bangladesh Limited (Head Office),23.7706584,90.4034723,"Level 8, MB Solutions Bangladesh Limited (Head Office), Impetus Centre, 242/B Bir Uttam Mir Shawkat Sarak, Dhaka 1208"
