place_name,latitude,longitude,address
E&C Corporate office,23.7692569,90.358409,"Q957+3FH E&C Corporate office, Kazi Nazrul Islam Rd, Dhaka"
Corporate Ikon,23.7647605,90.3592293,"30, Corporate Ikon, 10-A Tajmahal Rd, Dhaka"
Corporate Ikon,23.7681958,90.359753,"30, Corporate Ikon, 10-A Tajmahal Rd, Dhaka"
Mohamed pur,23.7661386,90.3587745,"Q985+FG2 Mohamed pur, Dhaka"
ডিজিটাল সাবলিমিশন জার্সি টি শার্ট,23.7754719,90.3642915,"Q9G7+5PM ডিজিটাল সাবলিমিশন জার্সি টি শার্ট, Dhaka"
S.B.Solution,23.7669475,90.364488,"Block-C, S.B.Solution, 2/2, C-1 Shahjahan Rd, Dhaka"
S.B.Solution,23.7618318,90.3627168,"Block-C, S.B.Solution, 2/2, C-1 Shahjahan Rd, Dhaka"
Buildup Technology Ltd.,23.769777,90.3586084,"75, Buildup Technology Ltd., Rahbar tower, 5th floor, Suite -6/A cooperative soceity ltd, 76 Janata Housing Rd, Dhaka 1207"
Buildup Technology Ltd.,23.7701487,90.3587203,"75, Buildup Technology Ltd., Rahbar tower, 5th floor, Suite -6/A cooperative soceity ltd, 76 Janata Housing Rd, Dhaka 1207"
লোপার ট্রেডার্স,23.7675373,90.3586296,"লোপার ট্রেডার্স, ১৩/বি শ্যামলী হাউজিং দ্বিতীয় প্রকল্প, Dhaka"
Tma Space Solution,23.7618188,90.360438,"Tma Space Solution, Suite #P #23, Road, # 5 Noorjahan Rd, Dhaka 1207"
Cemex Properties Ltd,23.7625122,90.3671166,"8, Cemex Properties Ltd, 19 Sir Syed Rd, Dhaka"
Innovazione Technologies,23.7631911,90.3613214,"Shop No: 504, Innovazione Technologies, Shyamoli Square, Shyamoli, Mohammadpur, Dhaka 1207"
Bess Bangla,23.7709796,90.3591671,"Bess Bangla, HouseNo. 838/1, Road 03, Baitul Aman Housing Society, Dhaka 1207"
GAFB Limited,23.7633886,90.3617387,"15, GAFB Limited, 10 Tajmahal Rd, Dhaka 1207"
AvanCo Bangladesh Ltd.,23.7653047,90.3617566,"19/2, 3rd Floor, AvanCo Bangladesh Ltd., Block: C Tajmahal Rd, Dhaka 1207"
Aramad Corporation,23.7748786,90.3662844,"11/Gha, Aramad Corporation, Shyamoli Rd 1, Dhaka 1207"
Shishur office,23.7683802,90.356896,"Q994+8QJ Shishur office, Dhaka"
Rakib Trading Corporation,23.7703299,90.3659239,"Rakib Trading Corporation, 07, Dhaka 1207"
Rakib Trading Corporation,23.7753606,90.3605435,"Rakib Trading Corporation, 07, Dhaka 1207"
Bayzid Tours & Travels,23.7663225,90.3578835,"Q985+G5C Bayzid Tours & Travels, Dhaka"
Mahadi Car Rental Corporation,23.7708254,90.3594757,"Q9C5+8QQ Mahadi Car Rental Corporation, Ring Rd, Dhaka"
Allytech Corporation Ltd.,23.7707481,90.3591549,"3rd Floor, Allytech Corporation Ltd., 1107/A, Ring Rd, Dhaka 1207"
Creative Engineers Ltd. (Mohammadpur Zone),23.7702335,90.365744,"Villa, Block -B, Creative Engineers Ltd. (Mohammadpur Zone), Husna, 20/28 Babar Rd, Dhaka"
Thinkthrough Consulting Pvt Ltd,23.7680485,90.3582647,"Level-6, Thinkthrough Consulting Pvt Ltd, Probal Tower, 45 Ring Rd, Dhaka 1207"
Thinkthrough Consulting Pvt Ltd,23.7692148,90.3583726,"Level-6, Thinkthrough Consulting Pvt Ltd, Probal Tower, 45 Ring Rd, Dhaka 1207"
Krishnopokho,23.773754,90.3581456,"House#531, Krishnopokho, Road#12 Adabor Main Rd, Dhaka 1207"
E-Source & Service,23.774545,90.360685,"E-Source & Service, 5/1 Mohonpur Rd, Dhaka"
ePlatoon,23.773852,90.361012,"ePlatoon, house-19 Shekhertek 8, Dhaka"
Talikabd,23.7681481,90.3586429,"Q995+7F2 Talikabd, Ring Rd, Dhaka"
Talikabd,23.7703299,90.3659239,"Q995+7F2 Talikabd, Ring Rd, Dhaka"
TBN24 BD,23.7744673,90.3643254,"6th Floor, TBN24 BD, 43/2 Ring Rd, Dhaka 1207"
Brahmaputra Group,23.7732928,90.3668373,"PCQC+C4R Brahmaputra Group, Dhaka"
Swopnobaz communication Ltd,23.7710697,90.3639253,"House No 134, Block A, Swopnobaz communication Ltd, Dhaka"
Shera International Group Limited,23.769577,90.3666712,"house-10, Shera International Group Limited, Fair View, 01 Humayun Rd, Dhaka 1212"
SOS TECH BD,23.7678509,90.3586258,"16 A, SOS TECH BD, 3 Ring Rd, Dhaka 1207"
Environment & Engineering Associate,23.7686414,90.3592872,"Q995+FP3 Environment & Engineering Associate, Dhaka"
General agrovet ltd. Dhaka Office,23.7735857,90.3586184,"General agrovet ltd. Dhaka Office, North Adabor, Zamirun Nessa Palace, Plot # 86/1, Road # 01, Adabor Main Rd, Dhaka 1207"
Bio-Act Chemical Corporation,23.7741748,90.3646893,"Bio-Act Chemical Corporation, 12 Khilji Rd, Dhaka 1207"
Bangla Puzzle Limited | Shyamoli Branch,23.776248,90.3664409,"Bangla Puzzle Limited | Shyamoli Branch, House: 13/3, Road: 2, Shyamoly, 1207 Dhaka, 1207"
DevWebz,23.7748104,90.3668693,"Q9F8+WPH DevWebz, Dhaka"
Karatoa courier services Mohammadpur,23.7648036,90.3605906,"30, Karatoa courier services Mohammadpur, 23 Tajmahal Rd, Dhaka 1207"
Karatoa courier services Mohammadpur,23.7732295,90.3608241,"30, Karatoa courier services Mohammadpur, 23 Tajmahal Rd, Dhaka 1207"
ENCNEWS24,23.7665403,90.3579693,"ENCNEWS24, Road 9 Shakhertek Main Rd, Dhaka"
মোহাম্মদিয়া সোসাইটি ৩,23.762328,90.3569801,"42, মোহাম্মদিয়া সোসাইটি ৩, 112 Road No. 3, Dhaka"
Shimanto bank sub branch Mohammadpur,23.7707677,90.3590304,"Shimanto bank sub branch Mohammadpur, 1101/A Ring Rd, Dhaka 1207"
Be Data Solutions Limited,23.7689502,90.3587382,"Be Data Solutions Limited, Be Data, 18/3 Ring Rd, Dhaka 1207"
Shyamoli,23.7717707,90.3635175,"Shyamoli, Dhaka"
Shyamoli,23.770885,90.3564838,"Shyamoli, Dhaka"
সদাগর কুরিয়ার এন্ড পার্সেল সার্ভিস। Shodagor Courier and Parcel Service.,23.7742643,90.3650219,"2, সদাগর কুরিয়ার এন্ড পার্সেল সার্ভিস। Shodagor Courier and Parcel Service., হল মার্কেট, 24/2 খিলজি রোড।, ঢাকা।"
Rahad Inspection Company,23.7719062,90.3636553,"Block-F, Rahad Inspection Company, 30/5 Babar Rd, Dhaka 1207"
MNC BD Corporate Office,23.7665234,90.3533035,"56 No. 3, MNC BD Corporate Office, Building No- 10/ka, Mirpur Rd, Dhaka"
Icon Distribution,23.7681951,90.3588575,"Icon Distribution, bai line, 8, Hazi chinu mia, Ring Rd, Dhaka 1207"
TBN BD LTD,23.7742886,90.3644523,"TBN BD LTD, 43/2 Ring Rd, Dhaka"
SH Med Corporation,23.7690369,90.3564515,"House: 48, SH Med Corporation, Road: 08 Shakhertek Main Rd, Dhaka 1207"
Universe Steel Ltd.,23.7723554,90.3645169,"H-154, R-06, Block-Ka, Universe Steel Ltd., Dhaka 1207"
Munalisa Survey Corp. Ltd.,23.7679555,90.3582047,"Munalisa Survey Corp. Ltd., 44 Ring Rd, Dhaka 1207"
Heartvale Ltd.,23.7681378,90.3668182,"6, Heartvale Ltd., 1 Humayun Rd, Dhaka"
Heartvale Ltd.,22.6212273,91.1734374,"6, Heartvale Ltd., 1 Humayun Rd, Dhaka"
Thanks International,23.7734438,90.3586364,"Thanks International, 1 North Adabor, 1/I, Dhaka 1207"
Ample Distribution,23.775192,90.3648814,"Ample Distribution, BTI The Emporium, 14, 1 Mirpur Rd, Dhaka 1207"
Star Tech Ltd. Corporate Office,23.7841582,90.3780792,"Star Tech Ltd. Corporate Office, Kusholi Bhaban, 238/1, Dhaka 1207"
Star Tech Ltd. Corporate Office,23.7721417,90.3645135,"Star Tech Ltd. Corporate Office, Kusholi Bhaban, 238/1, Dhaka 1207"
Soils and Foundations Ltd.,23.7715891,90.3596564,"1111/A & 1111/B, Soils and Foundations Ltd., Hira Tower, 6th and 7th floor, Ring Rd, Dhaka 1207"
Eco Lifestyle Corporate Office,23.7875449,90.3685326,"Q9Q9+2CH Eco Lifestyle Corporate Office, Friends Rd, Dhaka"
Arthi Saifa Energy Pack Ltd.,23.7627862,90.3641666,"26, Arthi Saifa Energy Pack Ltd., 5 Sher Shah Suri Rd, Dhaka"
Rochell Biotech,23.7736529,90.3626943,"1st Floor, Rochell Biotech, Rizia villa, 10/Kha Ring Rd, Dhaka 1207"
Computer Source Ltd. Corporate Office,23.7521659,90.3759847,"House 11/B, Computer Source Ltd. Corporate Office, Road 12 New) 31(Old, Dhaka 1209"
Brandmyth,23.769577,90.3666712,"1st floor, Brandmyth, Block B, House: 72 Road: 03, Dhaka 1212"
M City Group BD,23.7739796,90.3662794,"M City Group BD, Level #15, Rupayan Shelford, Plot 23/6, bolck #B, Mirpur Rd, Dhaka 1207"
Bionics Concrete Chemical Company Limited,23.7762355,90.3648874,"Bionics Concrete Chemical Company Limited, Road No. 3, Dhaka"
Rokomari Food Panthapath,23.7484531,90.3929877,"56, Rokomari Food Panthapath, 8 West Panthapath, Dhaka 1205"
Safedeal International,23.7710203,90.3580571,"Safedeal International, 803 Road No. 3, Dhaka 1207"
Powertruns Office,23.772848,90.364936,"House No. 122, Powertruns Office, Road.05 Pisciculture Housing Society, Dhaka 1207"
Mohammadi Homes Masjid,23.7621501,90.3584061,"Q972+3P7 Mohammadi Homes Masjid, Mohammadi Homes, R/A, Dhaka"
"Syngenta Bangladesh, Corporate office",23.7475403,90.3699268,"Syngenta Bangladesh, Corporate office, Green Rowshanara Tower(level-5&6, 755 Satmasjid Road, Dhaka 1205"
ASN CORPORATION,23.7759166,90.3646482,"ASN CORPORATION, Alamin Apon Heights, House # 27/1/B, Road # 3,Flat #D-13, Dhaka 1207"
Ribbons Ltd.,23.7706449,90.3644747,"Ribbons Ltd., 13 Babar Rd, Dhaka"
IT Next Digital,23.7731191,90.3586142,"IT Next Digital, House # 296, Road # 01, Baitul Aman Housing Society, Adabor Main Rd, Dhaka 1207"
Manoshi Group,23.7758236,90.3646594,"House-27, Manoshi Group, 1/B Road No. 3, Dhaka 1207"
Sweet Agrovet Ltd.,23.7699731,90.3585335,"Flat: 3-A, Sweet Agrovet Ltd., Rahbar Tower, 77-78 Ring Rd, ঢাকা।"
Al-Markazul Islami Head Office,23.7708143,90.3667005,"Q9C8+8MG Al-Markazul Islami Head Office, Dhaka"
Afifa trade international,23.7708318,90.3591894,"1101b, Afifa trade international, 1207 Ring Rd, Dhaka"
Rigg Technologies,23.7655539,90.3608486,"7/KA, Rigg Technologies, Dhaka 1207"
Bangladesh Agro-Processors' Association (BAPA),23.7748782,90.3662333,"Bangladesh Agro-Processors' Association (BAPA), 6-D, Navana New Bury Place, Sobhanbag, Dhanmondi, Dhaka 1207"
Techno Shield Trading,23.774474,90.3653469,"1st Floor, Techno Shield Trading, Super Market, Shamoly Square, Suite : 8&9, Dhaka 1207"
Maryam & Raiyan Engineering Solution,23.761027,90.3639482,"Q967+CHM Maryam & Raiyan Engineering Solution, Dhaka"
Mangrove Hotel & Resort Corporate Office,23.7565271,90.3749136,"11th Floor) Plot#02 (Old 380, Mangrove Hotel & Resort Corporate Office, SHAPTAK SQUARE, 27, Road#16 Old 27, 1209"
Mangrove Hotel & Resort Corporate Office,23.7808405,90.419689,"11th Floor) Plot#02 (Old 380, Mangrove Hotel & Resort Corporate Office, SHAPTAK SQUARE, 27, Road#16 Old 27, 1209"
Mosco Marketing Limited,23.7738986,90.3662269,"Mosco Marketing Limited, 23 Mirpur Rd, Dhaka 1205"
Mind2Soul,23.7750867,90.3642098,"1st Floor, Mind2Soul, Shyamoli Cinema Complex Building, Dhaka 1207"
On Call Medico,23.7702217,90.3576861,"Q9C5+33M On Call Medico, Road, Dhaka"
Nittoo HQ,23.7645786,90.35977,"Nittoo HQ, 30 Road No. 4, Dhaka"
Innovate Engineering & Development,23.7731425,90.3599759,"Innovate Engineering & Development, House# 1/1-A (4th floor, Bazar Road, Dhaka"
