place_name,latitude,longitude,address
Shohoz HQ,23.7945957,90.4059036,"Shohoz HQ, House #55/B Rd No # 21, Dhaka 1213"
Zurhem HQ,23.7996219,90.4142536,"Zurhem HQ, House # 4A Road # 84"
REDX HQ,23.7828125,90.3973125,"REDX HQ, Dhaka 1212"
Upbit HQ,23.778047,90.411268,"Upbit HQ, 73 রোড নং ২, Dhaka 1212"
HQ Logistics Area,23.7895083,90.3906155,"HQ Logistics Area, 587, Dhaka"
AFL HQ,23.7861483,90.4161402,"Block K, AFL HQ, lake side, Suite 602 House, 21 Rd 24, Dhaka"
MUV HQ,23.7877025,90.4016005,"House 12, MUV HQ, Road No.1, Dhaka 1213"
FAR GROUP Head office,23.770396,90.403712,"QCF5+826 FAR GROUP Head office, Dhaka 1212"
Bangla Haat Corporate HQ,23.7928895,90.4051418,"Bangla Haat Corporate HQ, 11 Rd No 17, Dhaka 1213"
ShopUp HQ,23.7781507,90.3967024,"4th floor, ShopUp HQ, SKS Tower, Dhaka"
realme After-Sales HQ Bangladesh,23.7755304,90.4123791,"QCG6+5VX realme After-Sales HQ Bangladesh, Dhaka 1212"
ShopUp HQ,23.78269,90.3972368,"4th floor, ShopUp HQ, SKS Tower, Dhaka"
GoodyBro (HQ),23.7848291,90.4008176,"1st floor, GoodyBro (HQ), Gawsia Jui Garden, House : 2/A Road : 2/1, Dhaka 1213"
Navy Hq Gate,23.8027855,90.4028148,"RC33+448 Navy Hq Gate, Naval Headquarters, Dhaka 1213"
Shopoth HQ,23.7946423,90.4059212,"House- 55/B, Shopoth HQ, Block- B Road- 21, Dhaka 1212"
Chevron Bangladesh HQ,23.7959504,90.4151034,"Chevron Bangladesh HQ, Gulshan Centre Point, Dhaka 1212"
Chevron Bangladesh HQ,23.7891475,90.3954639,"Chevron Bangladesh HQ, Gulshan Centre Point, Dhaka 1212"
HypeScout HQ,23.7848361,90.4011361,"HypeScout HQ, 4 Rd No 2/1, Dhaka 1212"
Turkinship HQ,23.8115488,90.4245177,"Turkinship HQ, house KA/3, F, 2 Bashundhara Rd, Dhaka"
Event.xyz (HQ),23.7712844,90.4047678,"Event.xyz (HQ), 223 Bir Uttam Mir Shawkat Sarak, Dhaka 1208"
PGR HQ Officers Mess,23.8113362,90.4106589,"RC66+H88 PGR HQ Officers Mess, Dhaka 7611"
Naval Headquarter Jame Masjid,23.8023256,90.4049069,"RC23+WXM Naval Headquarter Jame Masjid, Bangladesh Naval Head Quarter, Dhaka 1212"
President Guards Regiment HQ Canteen,23.8097686,90.4099944,"President Guards Regiment HQ Canteen, 531 Road No 11, Dhaka 1212"
Cats Eye HQ,23.7953995,90.4089874,"Cats Eye HQ, 28 Rd No.28, Dhaka 1213"
High Voltage HQ,23.7871872,90.4160614,"High Voltage HQ, House 91 Rd 24, Dhaka 1212"
QKAF Headquarters,23.7725809,90.4102695,"QKAF Headquarters, House 50, Rd No. 8, Niketan, Dhaka 1212"
Haier Bangladesh Ltd - Corporate HQ,23.7846172,90.4166786,"Haier Bangladesh Ltd - Corporate HQ, Level 9, Concorde Sylvi Heights 73A, CWS, 11A Gulshan Ave, Dhaka 1212"
Chequered Flag Headquarters,23.8023118,90.4042893,"RC23+WPF Chequered Flag Headquarters, Dhaka - Mymensingh Hwy, Dhaka 1212"
D Oui HQ,23.7718717,90.4071119,"QCC4+PRX D Oui HQ, Dhaka 1212"
Gaze HQ,23.7736797,90.4107055,"Gaze HQ, House 2, Road 5, Block D, Niketon Gulshan Flat 8A Dhaka, 1212"
Assen HQ,23.7766908,90.411746,"Assen HQ, 98 Road No. 2 Block A, Dhaka 1212"
Mokam HQ,23.7846918,90.3972937,"Q9MW+VWF Mokam HQ, Dhaka 1212"
Railway Police HQ,23.791816,90.4206618,"Railway Police HQ, 12c Rd 105, Dhaka 1212"
I-Station Limited HQ,23.7792933,90.3936825,"I-Station Limited HQ, H#424, R#30, Mohakhali DOHS, Road No. 30, Dhaka"
Adeffi HQ,23.7940838,90.408699,"Block k, Adeffi HQ, House 2 Rd No.28, Dhaka 1212"
SKS Shopping Mall (ShopUp HQ),23.7829332,90.3954537,"Q9MW+55G SKS Shopping Mall (ShopUp HQ), Dhaka 1212"
IPSC 35th HQ,23.7751737,90.4000622,"IPSC 35th HQ, 37 Muktijoddha Goli, Dhaka 1212"
Turaag Active HQ,23.7817145,90.4158134,"Level-03, Turaag Active HQ, Saimon Center, House-4A, Road: 22, Dhaka 1212"
Shield 20 HQ,23.8123064,90.4153551,"Shield 20 HQ, 445 Ln - 7, Dhaka"
East Coast Group Corporate Headquarters,23.7769745,90.4163696,"East Coast Group Corporate Headquarters, SW(G) 8 Bir Uttam Mir Shawkat Sarak, Dhaka 1212"
Sheba HQ,23.7920906,90.401523,"Sheba HQ, 7 Rd No. 4, Dhaka 1212"
Dhaka,23.7798412,90.4190066,Dhaka
Chokrojan HQ,23.7867492,90.4150359,"Chokrojan HQ, Road: 33, House: 06, Suite: C3, Dhaka 1212"
Le Luxe HQ,23.7853746,90.4216722,"H - 71, Le Luxe HQ, Lake Phar, 4 Gudaraghat Rd, Dhaka 1212"
B-Trac Engineering Ltd. HQ,23.789947,90.4096573,"B-Trac Engineering Ltd. HQ, Dipayon Housing Complex, Plot-68, Block-H, 1213 Road No. 11, Dhaka 1213"
BAYONS HQ,23.7828677,90.3979686,"3rd Floor, BAYONS HQ, New Market, 44/1, New Market City Complex, Rahim Square, Dhaka 1205"
President Guard Regiment HQ MT Garage,23.8123973,90.4094848,"President Guard Regiment HQ MT Garage, 408 Ln - 7, Dhaka"
BTL HQ,23.8146069,90.4209943,"44, BTL HQ, 1212 Progati Sarani Rd, Dhaka 1212"
Autostuffs HQ,23.8104441,90.4126382,"Autostuffs HQ, House no: 531/2, Lane: 11, DOHS Baridhara, Dhaka Cantonment, Dhaka 1206, Dhaka 1206"
GGC HQ,23.787332,90.419997,"GGC HQ, 18 Rd 120, Dhaka 1212"
Onkur HQ,23.7827207,90.3972772,"Onkur HQ, B112 Road 6, Dhaka 1212"
Dhaka Distributions HQ,23.7821602,90.3956956,"Dhaka Distributions HQ, B-112 Mosque Rd, Dhaka 1212"
MILVIK BANGLADESH LIMITED (Corporate HQ),23.7903954,90.4065431,"MILVIK BANGLADESH LIMITED (Corporate HQ), ANZ Huq Eleven Square, 9th Floor, House No. 1, Road 11, Block H, Dhaka 1213"
Bili HQ,23.7702046,90.4080076,"Bili HQ, 191/A Bir Uttam Mir Shawkat Sarak, Dhaka 1208"
Linkus HQ Badda,23.7839884,90.4254691,"Linkus HQ Badda, Rupayan Millennium Center, Bir Uttam Rafiqul Islam Ave, Dhaka 1212"
Xirooms HQ,23.7801537,90.4258141,"Xirooms HQ, Manama MS Toren, 6th Floor GA-99/3/A/B, Pragati Sarani, Dhaka 1212"
HQ of Batch 151,23.7978034,90.4363998,"QCXP+4HC HQ of Batch 151, Dhaka 1212"
DXN Head Office (Bangladesh HQ),23.7970017,90.4241109,"DXN Head Office (Bangladesh HQ), Plot#1B, Road#2A, Near Natun Bazar Foot Over Bridge, Dhaka 1212"
Daekho HQ,23.7811894,90.4133243,"Daekho HQ, House 2 Rd No 23/C, Dhaka 1212"
DACHSER Bangladesh HQ,23.7907164,90.406585,"DACHSER Bangladesh HQ, 153 Road No. 11, Dhaka 1213"
Dhaka Cart (HQ),23.7930393,90.4039913,"Dhaka Cart (HQ), Level: 3, Navana Cordelia, Road:17, House: 61, Block: C, Banani Dhaka, 1213"
Dhaka Cart (HQ),23.7930903,90.4086201,"Dhaka Cart (HQ), Level: 3, Navana Cordelia, Road:17, House: 61, Block: C, Banani Dhaka, 1213"
Krishijaat Bangladesh Limited HQ,23.7777671,90.4141413,"Level:3, House, Krishijaat Bangladesh Limited HQ, Chamak Vintage, 15/B Road 8, Dhaka 1212"
Cinegolpo HQ,23.772695,90.4113297,"Cinegolpo HQ, Society, House 37 Rd No 6, Dhaka 1216"
Syndicate's HQ,23.7724829,90.4049406,"Syndicate's HQ, QCC4+W3R, Beside Rahman Kindergarten, Niketon Bazar Gate, Dhaka 1212"
Shohoj Headquarters,23.7936285,90.4066017,"Shohoj Headquarters, House 55/B, Road 21, block B"
Maximus Mobile Service HQ,23.7828476,90.3996244,"Maximus Mobile Service HQ, House-14 Road-2 Dhaka, 1213"
Shikho HQ,23.7933724,90.403586,"Block-K, Shikho HQ, Plot-11 Rd No 17, Dhaka 1213"
NHQ CAFETERIA,23.8036722,90.4044404,"RC33+FQ8 NHQ CAFETERIA, Dhaka 1212"
JAPFA COMFEED BANGLADESH LIMITED (HQ),23.8133108,90.4118954,"JAPFA COMFEED BANGLADESH LIMITED (HQ), 322 Lane - 5, Dhaka"
JAPFA COMFEED BANGLADESH LIMITED (HQ),23.7972041,90.3716344,"JAPFA COMFEED BANGLADESH LIMITED (HQ), 322 Lane - 5, Dhaka"
Loop Freight HQ,23.7934186,90.4035531,"Loop Freight HQ, Rangs Paramount Level 14, House 11, Road 17, Block K, Banani, Dhaka, 1213"
S.S.A Composite Spinning Mills Ltd. (HQ),23.7941837,90.4114415,"S.S.A Composite Spinning Mills Ltd. (HQ), Anabil Tower, Plot #3, Floor #11, Block - NW, Gulshan North Avenue, Kemal Ataturk Ave, Dhaka 1212"
