place_name,latitude,longitude,address
Baby Shop,23.8126268,90.3687263,"1, Baby Shop, Plot 30 Main Rd, Dhaka 1216"
Baby Shop ltd,23.8142587,90.3635633,"R966+2F6 Baby Shop ltd, Dhaka 1216"
Cute Dress - Head Office,23.8196444,90.3592837,"R995+VP3 Cute Dress - Head Office, Dhaka 1216"
Cute Dress - Head Office,23.7946022,90.4060263,"R995+VP3 Cute Dress - Head Office, Dhaka 1216"
RISDA,23.8093922,90.3623771,"RISDA, House#18, Road #1, Block #B, Section #6, Mirpur, Dhaka, 1216"
TMSS Magazine,23.7991856,90.3712385,"TMSS Magazine, 631/5 west kazipara mirpur 10, Dhaka 1216"
S&T agro farm head office,23.8081932,90.3728324,"R95F+74G S&T agro farm head office, Dhaka 1216"
Head Office Susongbad 24.com,23.786089,90.3664827,"Head Office Susongbad 24.com, 236/C,Pabna Goli,Road 1 moddho pirerbagh Dhaka, 1216"
"chaldal.com, avenue-5 hub",23.8149488,90.3744694,"chaldal.com, avenue-5 hub, Unnamed Road Road-9, house-9 এভিনিউ ৫, Dhaka 1216"
Head Office of Desh Pharmaceuticals Ltd.,23.7911288,90.3644849,"R9C6+JJM Head Office of Desh Pharmaceuticals Ltd., Dhaka 1216"
CSD Head Office,23.8024302,90.396003,"CSD Head Office, Dhaka"
SaRa Lifestyle Ltd - Mirpur,23.839593,90.3666461,"Plot -10, SaRa Lifestyle Ltd - Mirpur, Block - Ka Road No 1, Dhaka 1216"
Maisha construction (Pvt) Ltd Head office,23.8080792,90.3762436,"Maisha construction (Pvt) Ltd Head office, House10, Road-08, block-B, Dhaka 1216"
আর্মি ওয়েলফেয়ার ট্রাস্ট (প্রধান কার্যালয়) Army Welfare Trust (Head Office),23.7968759,90.3922972,"আর্মি ওয়েলফেয়ার ট্রাস্ট (প্রধান কার্যালয়) Army Welfare Trust (Head Office), Shaheed Badiuzzaman Rd, Dhaka"
Shadow Media & Communication - Corporate Head Office,23.7890082,90.3769585,"Q9QG+JQ4 Shadow Media & Communication - Corporate Head Office, Dhaka"
"Universal knitting & fashion co, ltd",23.8123507,90.4153501,"Universal knitting & fashion co, ltd, Plot No:10 & 14, Road No: 02, Blok:: K, Rupnagar I/A Dhaka, 1216"
Kingshuk Head Office,23.8051683,90.3641199,"R947+3J9 Kingshuk Head Office, Dhaka 1216"
EERNA Ltd - Head Office,23.7859206,90.3773607,"EERNA Ltd - Head Office, Jahir Smart Tower, 205/A, West Kafrul, Agargaon"
TexTop Head Office,23.8142969,90.3615112,"R976+PJ6 TexTop Head Office, Milk Vita Rd, Dhaka 1216"
