place_name,latitude,longitude,address
ARTICLE Head Office,23.7589455,90.4294002,"Block - D, ARTICLE Head Office, House no: 88, 2 Rd No:-10, Dhaka"
FHP liaison head office,23.764445,90.4268337,"QC7G+QPG FHP liaison head office, Dhaka 1202"
"Antaranga Dot Com, Banasree Head Office",23.7647452,90.4286421,"Antaranga Dot Com, Banasree Head Office, 11 Banasree Main Rd, Dhaka 1219"
OPPO Bangladesh Head Office,23.7731315,90.416012,"OPPO Bangladesh Head Office, 144-Police Plaza Concord Tower-B, Floor-9th, 1212"
OPPO Bangladesh Head Office,23.7946022,90.4060263,"OPPO Bangladesh Head Office, 144-Police Plaza Concord Tower-B, Floor-9th, 1212"
OPPO Bangladesh Head Office,23.7532134,90.3916851,"OPPO Bangladesh Head Office, 144-Police Plaza Concord Tower-B, Floor-9th, 1212"
exabytelab,23.7637657,90.4313838,"exabytelab, 4c Banasree Main Rd, Dhaka 1219"
AHL Export International,23.7700438,90.4084316,"AHL Export International, KA-31/C, (1st Floor), Flat-A2, South Mohakhali, Dhaka 1212"
BRAC Bank Head Office,23.7718044,90.4063721,"BRAC Bank Head Office, Anik Tower, 220/B Bir Uttam Mir Shawkat Sarak, Dhaka 1208"
Bangladesh Center for Workers Solidarity (BCWS),23.7665599,90.4215769,"Bangladesh Center for Workers Solidarity (BCWS), 464/H, (4th Floor), Islam Tower, Dhaka 1219"
BDCOM Head office,23.7744849,90.4159675,"Ground Floor, 1st Floor, BDCOM Head office, 1 Gulshan Avenue, Road-1, House-1, GL Bhaban, Dhaka 1212"
S. Alam Group Dhaka Corporate Head Office,23.7747623,90.4152703,"S. Alam Group Dhaka Corporate Head Office, Plot 05 Rd 02, Dhaka 1212"
AARKS Bangladesh Head Office,23.7673636,90.433119,"QC8M+W6X AARKS Bangladesh Head Office, BDR Bari Rd, Dhaka 1212"
Coca-Cola Bangladesh Head Office,23.7769843,90.4169071,"Coca-Cola Bangladesh Head Office, Dhaka 1212"
Meghna Group of Industries (FRESH HOUSE),23.787936,90.4156958,"QCQ8+574 Meghna Group of Industries (FRESH HOUSE), House 23 Rd 24, Dhaka 1212"
Runner Group,23.7624905,90.4067269,"138/1, Runner Group, Dhaka 1208"
Al-Muslim Group Head Office,23.7523702,90.414924,"Al-Muslim Group Head Office, 34/B Malibagh Chowdhury Para Rd, Dhaka 1219"
Dutch Bangla Bank Limited (DBBL),23.7271155,90.4220412,"Dutch Bangla Bank Limited (DBBL), 24 Jahurul Islam Ave, Dhaka 1212"
SKS Head Office,23.7370964,90.4112467,"SKS Head Office, Level-10, SKS Tower7, VIP Rd"
SKS Head Office,23.7721039,90.4036662,"SKS Head Office, Level-10, SKS Tower7, VIP Rd"
FAR GROUP Head office,23.7732838,90.4075231,"QCF5+826 FAR GROUP Head office, Dhaka 1212"
United Commercial Bank | Head Office,23.7874374,90.4165268,"United Commercial Bank | Head Office, Bulus Centre, Plot - CWS- (A)-1, Road No - 34, Gulshan Ave, Dhaka 1212"
Big boss in head office,23.7793033,90.4148867,"block-h, Big boss in head office, H-25 Rd 09, Mirpur 1216"
Onnow - Tejgaon,23.7702399,90.4061032,"2nd floor, Onnow - Tejgaon, western garden city, 443 E Nakhalpara Rd, Dhaka 1215"
Upay Head Office,23.7874574,90.4165202,"Upay Head Office, Bulus Centre, Dhaka 1212"
Flora Limited Head Office,23.7861343,90.416968,"Flora Limited Head Office, Rangs FC Enclave, Lavel: AB - 9 & B - 13, Plot No. : 6/A, Road No. : 32, Dhaka 1212"
G Gas Head Office,23.7665222,90.3965375,"Q98W+JJ3 G Gas Head Office, Dhaka 1205"
Badsha Group Of Industries (Head Office),23.7598062,90.3967198,"Badsha Group Of Industries (Head Office), Phoenix Tower, 407 Shaheed Tajuddin Ahmed Ave, Dhaka 1208"
Kawasaki Bangladesh Head Office,23.7666029,90.4047955,"Kawasaki Bangladesh Head Office, 277 Tejgaon I/A, Dhaka, 1208"
BFC Head Office,23.784108,90.4260016,"BFC Head Office, Cha 69, Progoti Sarani, Rupayan Millinium Square, Dhaka"
"Demand, Head Office",23.7485384,90.4109534,"Demand, Head Office, Plaza, Boro Moghbazar, 78, Dhaka 1217"
"EXIM Bank Training & Research Academy Unit 2, Head Office, EXIM Bank",23.7753741,90.4164887,"EXIM Bank Training & Research Academy Unit 2, Head Office, EXIM Bank, SE(H)-2, Road, 142 গুলশান এভিনিউ, Dhaka 1212"
Bengal Plywood Head Office.,23.7518585,90.395922,"Bengal Plywood Head Office., 30 Kawran Bazar Rd, Dhaka 1215"
"Robi Corporate Office (RCO), Nafi tower",23.7812235,90.4164692,"Robi Corporate Office (RCO), Nafi tower, Robi Corporate Office, 53 Gulshan Ave, Dhaka 1212"
MH Enterprice Head Office,23.7548532,90.4151635,"15/2, B, MH Enterprice Head Office, 29/A Malibagh Chowdhury Para Rd, Dhaka"
Impress-Newtex Composite Textiles Ltd. (Corporate Head Office),23.7695489,90.402137,"260/B, Impress-Newtex Composite Textiles Ltd. (Corporate Head Office), Evergreen Plaza, Dhaka 1208"
Meghna Group of Industries (FRESH HOUSE),23.8048695,90.4216909,"QCQ8+574 Meghna Group of Industries (FRESH HOUSE), House 23 Rd 24, Dhaka 1212"
Gorillamove Central Warehouse,23.777774,90.4141381,"Gorillamove Central Warehouse, 158 AB, BCC Road, Pragoti Mor (Near Orion Pharma Office/ Roads and Highways Department), Tejgaon I/A Dhaka 1208 Dhaka North"
Fiber@Home Global Limited,23.7787727,90.4123199,"Fiber@Home Global Limited, Bay Tower, 23 Gulshan Ave, Dhaka 1212"
Max Sweater Ltd. (Head Office),23.7875494,90.4150393,"2rd, Floor A-1 Apartment, Max Sweater Ltd. (Head Office), House#01 Rd 36, Dhaka 1212"
Haicheng Mobile Company (BD) Ltd. (vivo BD),23.772798,90.4160645,"Tower-A, Floor-9th &10th, Haicheng Mobile Company (BD) Ltd. (vivo BD), Police Plaza Concord, vivo BD Head Office: 144, Dhaka 1212"
Agrani Apartment Ltd,23.7452268,90.4045878,"Agrani Apartment Ltd, Boro Moghbazar, 128, Dhaka 1217"
Dhaka Bank Limited | Head Office,23.7804823,90.4138536,"QCJ7+5GX Dhaka Bank Limited | Head Office, Bir Uttam AK Khandakar Road, Dhaka 1212"
Akij Ceramics Limited,23.7698297,90.4103582,"Akij Ceramics Limited, Akij House, 198 Bir Uttam, Mir Shawkat Sarak, Gulshan, Link Road, Dhaka 1208"
Tiens Bangladesh,23.7838891,90.4159079,"Tiens Bangladesh, House # 41 Rd 24, Dhaka 1212"
SFF Head Office - HQ,23.7456076,90.4142449,"SFF Head Office - HQ, Shahi Mosque Rd, Dhaka"
Samsung C&T Corporation Bangladesh Office,23.7793889,90.4156936,"Samsung C&T Corporation Bangladesh Office, Plot-01, 5th floor, Road-11, Block: H, Dhaka Dhaka Cantonment Dhaka-1206, 1206"
MB Solutions Bangladesh Limited (Head Office),23.7706584,90.4034723,"Level 8, MB Solutions Bangladesh Limited (Head Office), Impetus Centre, 242/B Bir Uttam Mir Shawkat Sarak, Dhaka 1208"
Dream Way Properties Ltd.,23.7903232,90.4133374,"Dream Way Properties Ltd., House#3, (Level#4), Road#5, Block#J, Baridhara, Dhaka"
MBL Head Office,23.7423691,90.4115793,"MBL Head Office, 1 Shiddheswari Ln, Dhaka 1217"
