place_name,latitude,longitude,address
Carneshia HQ,23.7524702,90.3843151,"Q92M+XP Carneshia HQ, Dhaka 1205"
GO Learning HQ,23.7415915,90.3729237,"GO Learning HQ, 69/D/1, Dhanmondi 6/A, 1209"
Khorshed Group HQ,23.7415957,90.3818501,"Khorshed Group HQ, 12 Road No 4 Ground Floor, Dhaka 1205"
"RISE, Bashundhara City",23.764204,90.4037462,"RISE, Bashundhara City, Shop No: 38-39, Level- 2, Bashundhara City Shopping Mall, Block- D, Panthapath, Dhaka 1215"
BDSHOP.COM HQ,23.7375353,90.3874352,"BDSHOP.COM HQ, Between Bata Signal & Eastern Mollika, 307 S J Jahanara Imam Sharani, Dhaka 1205"
Chorki HQ,23.7525442,90.3930885,"level 3, Chorki HQ, 19 Kawran Bazar Rd, Dhaka 1215"
Aakar HQ,23.7557695,90.3726435,"1D, Aakar HQ, 1, Block #C, Dhaka 1205"
eCourier HQ (National Sort Center Facilities),23.759815,90.3913172,"eCourier HQ (National Sort Center Facilities), Dhaka 1205"
KRY international HQ,23.7512581,90.3923819,"Q92R+GX7 KRY international HQ, Kazi Nazrul Islam Ave, Dhaka 1215"
Be like pb HQ,23.7759647,90.3649193,"Be like pb HQ, 30/1 Road No. 3, Dhaka 1207"
DIFE HQ,23.7528677,90.3926948,"Q93V+43W DIFE HQ, Kazi Nazrul Islam Ave, Dhaka 1215"
Tahoor Dhanmondi,23.7728866,90.355902,"Tahoor Dhanmondi, House # 35 Rd 27, Dhaka 1209"
DoctorKoi HQ,23.7549838,90.3659358,"Q938+X9V DoctorKoi HQ, Block-E, Dhaka 1205"
Nittoo HQ,23.7645786,90.35977,"Nittoo HQ, 30 Road No. 4, Dhaka"
nexParc HQ,23.7514424,90.3805558,"nexParc HQ, 58 Lake Circus Road, Dolphin Goli, Dhaka 1209"
SmartLife HQ,23.7508995,90.3831754,"Villa, Flat - A5, SmartLife HQ, 12 N Dhanmondi Road, Kalabagan,, Dhaka 1205"
SmartLife HQ,23.8071777,90.4237292,"Villa, Flat - A5, SmartLife HQ, 12 N Dhanmondi Road, Kalabagan,, Dhaka 1205"
SAMATAT HQ,23.7469133,90.3870146,"SAMATAT HQ, 142 Crescent Rd, Dhaka 1205"
Spider Digital Security Bangladesh Headquarters,23.7620795,90.371539,"Level # 7, Spider Digital Security Bangladesh Headquarters, 2/2, Heraldic Heights, Iqbal Road, Dhaka 1207"
Aaron Denim Limited (Headquarters),23.7506851,90.3916853,"Aaron Denim Limited (Headquarters), UTC Building, Level-13, 8 Panthapath, Dhaka 1215"
The Dom Inno squad HQ,23.7466929,90.3754295,"P9WG+M4X The Dom Inno squad HQ, Dhaka 1205"
Carniba Limited HQ,23.7415562,90.3819059,"Carniba Limited HQ, House 12 Road No 4, Dhaka 1205"
