place_name,latitude,longitude,address
Head Office GLKCL,23.8661467,90.4050696,"Head Office GLKCL, House 21 Rd No.19, Dhaka 1230"
Germany Comouter And Telecom Limited-Head Office,23.8721281,90.4020917,"HOUSE 42, Germany Comouter And Telecom Limited-Head Office, Rd -10, Dhaka 1230"
GREENPAC Group Head Office,23.8736141,90.4019873,"GREENPAC Group Head Office, Dhaka 1230"
"Grow Biz Industries Limited (Polycell), Head Office",23.8694,90.4032516,"Grow Biz Industries Limited (Polycell), Head Office, House 14 Road-14, Dhaka 1230"
Golden Refit Garments Ltd. (Head Office),23.8742693,90.4001127,"Golden Refit Garments Ltd. (Head Office), North Tower (10th Floor), Plot-107, Dhaka 1230"
Anita Center - Head Office - SQUARE Textiles Division,23.8697827,90.4000106,"VC92+W26 Anita Center - Head Office - SQUARE Textiles Division, Dhaka 1230"
Paradise Group Head Office,23.8621104,90.3996055,"Paradise Group Head Office, Paradise Tower (Level 6, 10, 11), Plot 11, Dhaka"
Lotto Bangladesh,23.8860198,90.3993828,"VC43+J6R Lotto Bangladesh, Dhaka 1230"
"AMD Group-HKB,Head office,Uttara.",23.8635764,90.3949164,"AMD Group-HKB,Head office,Uttara., AMD Group-HKB,Head office, Dhaka 1230"
MG Cotton Head office,23.8699369,90.3839271,"V99M+XHF MG Cotton Head office, Shah Makhdum Ave, Dhaka 1230"
Mahmud Group,23.8720803,90.4020987,"Mahmud Group, House No. 25, Rd -10, Dhaka 1230"
Leebaz Head Office,23.8689266,90.3815598,"Leebaz Head Office, House#482 Road#03, Dhaka 1230"
"Clean Agro, Head Office",23.8645873,90.3993497,"Clean Agro, Head Office, H.M,Plaza, Level - 9, Room No. - 4,Plot No -34, Dhaka"
Real Engineering BD Head Office,23.8788762,90.3992125,"Real Engineering BD Head Office, House 17, সড়ক-১০, Dhaka 1230"
powerline head office,23.8634712,90.3955677,"V97W+96P powerline head office, Dhaka 1230"
Rajmohal Real Estate Ltd(Head office),23.8623177,90.4010875,"Rajmohal Real Estate Ltd(Head office), Rd 7, Dhaka 1230"
Nourin Engineering Ltd Head office,23.8712021,90.4001127,"Plot No, Nourin Engineering Ltd Head office, 87 Road-28, Dhaka 1230"
Zara Label & Packaging Ltd.,23.8666094,90.4019538,"Zara Label & Packaging Ltd., 3 / F Road No. 2, Dhaka 1230"
Aman Group Ltd.,23.8707554,90.4023587,"Aman Group Ltd., House 02 Isakha Ave, Dhaka 1230"
The Head Office Salon & Barber Shop,23.8588101,90.4151881,"The Head Office Salon & Barber Shop, 367 Hassen Tower, Dhaka 1230"
Dongju Battery head office,23.8707353,90.3948571,"Dongju Battery head office, House 56 Rd -19, Dhaka 1230"
FC Dhaka,23.8733827,90.3941361,"FC Dhaka, 104 Lake Dr Rd, Dhaka 1230"
"Larky Parky Head Office (Daily Food Shop, TechMate BD, Genteel Club & Baby included)",23.8732892,90.3964959,"Larky Parky Head Office (Daily Food Shop, TechMate BD, Genteel Club & Baby included), House 47 Rd No 27, Dhaka, 1213"
"SIJI Garments Co., Ltd. (Head Office)",23.8695779,90.390177,"SIJI Garments Co., Ltd. (Head Office), Plot # 14 Gausul Azam Ave, Dhaka 1230"
SAMS Head Office,23.8711802,90.4011676,"SAMS Head Office, 1 Isakha Ave, Dhaka 1230"
Hoovers Agrovet Ltd (Head office),23.8784277,90.3985432,"Hoovers Agrovet Ltd (Head office), House No-01, Flat-4A (Bank Alfalah Building, Lift-4th floor), Road No-01, Block-D, Section-11, Mirpur, 1216"
Italian Furniture BD Head Office,23.8725658,90.3939857,"Italian Furniture BD Head Office, 90 Lake Dr Rd, Dhaka 1230"
এপিক উত্তরা অফিস,23.8673881,90.3979338,"এপিক উত্তরা অফিস, Dhaka 1230"
Canva Clothing Head Office,23.8784709,90.4095434,"Canva Clothing Head Office, house#193, Faidabad, Rd 2A, Dhaka 1230"
Blue Planet Group,23.8730038,90.4020175,"Blue Planet Group, House # 14, Road# 3, Sector# 6, Dhaka 1230"
Zara Group BD Head-office,23.865818,90.401859,"Zara Group BD Head-office, 21 Road-14, Dhaka 1230"
ANWAR LANDMARK HEMONTIC,23.867247,90.403091,"ANWAR LANDMARK HEMONTIC, House 1, 01 Road-21, Dhaka 1230"
Fashion Step Head Office,23.8973406,90.3999083,"V9WX+WXM Fashion Step Head Office, Tongi"
Merchant Bay Office,23.8711117,90.4009876,"Merchant Bay Office, level 8 Meem Tower, House 18 Road No. 12/A, Dhaka 1230"
Merchant Bay Office,23.7532134,90.3916851,"Merchant Bay Office, level 8 Meem Tower, House 18 Road No. 12/A, Dhaka 1230"
Mbrella Ltd. (Head Office),23.861504,90.3971614,"Mbrella Ltd. (Head Office), Road-3, Dhaka 1230"
NDE ECA Office,23.8587817,90.3978587,"NDE ECA Office, House 10 সড়ক ৯০, Dhaka 1212"
Yangshine Packtrims Limited (Head Office),23.8777402,90.398774,"Yangshine Packtrims Limited (Head Office), House 5 4th floor, Road No. 3C, Dhaka 1230"
Cico Tech Head Office,23.8688184,90.4192298,"Cico Tech Head Office, 53 Shah Kabir Mazar Rd, Dhaka 1230"
Focallure Bangladesh | Head Office,23.8680325,90.399928,"Focallure Bangladesh | Head Office, Rajuk Commercial Market Ground Flr, Azampur, Sector-07, Uttara Dhaka 1230 DHAKA, 1230"
Hyacinth Fabrics Mills Limited,23.8591177,90.4037034,"Hyacinth Fabrics Mills Limited, House# 24 (5th Floor) Shepherd Tower, Lane# 4, Dhaka 1230"
Rashid Group- Head Office,23.87172,90.3799285,"Rashid Group- Head Office, House 30, Road 6/C"
Afiya Knitwear Limited ( Head Office),23.8844248,90.3893934,"House # 23(5th & 6th Floor, Afiya Knitwear Limited ( Head Office), Rd No. 11, Dhaka 1230"
M.M. Knitwear Ltd. Corporate Office,23.8587332,90.3997904,"M.M. Knitwear Ltd. Corporate Office, House 16 Rd-10, Dhaka 1230"
Sadma Group,23.8757812,90.3998221,"A, Sadma Group, House 20 Rd 1, Dhaka 1230"
Ador Head office,23.86905,90.3966347,"Ador Head office, 3 Road-11, Dhaka 1230"
Gentry Corporation Limited,23.8724624,90.3965081,"Gentry Corporation Limited, 82 Lake Dr Rd, Dhaka 1230"
Aman Group Ltd.,23.8710017,90.4016125,"Aman Group Ltd., House 02 Isakha Ave, Dhaka 1230"
Silver Group Head Office,23.8570829,90.4019048,"VC42+RQJ Silver Group Head Office, Road-06, Dhaka 1230"
Myone Energy Limited,23.8659604,90.3911313,"Myone Energy Limited, House 13 Road-4, Dhaka 1230"
Dongju Battery head office,23.8938952,90.3852277,"Dongju Battery head office, House 56 Rd -19, Dhaka 1230"
LZ Group (Corporate office),23.8674668,90.3997826,"V98X+XWM LZ Group (Corporate office), Dhaka 1230"
Shohoz Rides Uttara,23.8651022,90.3947681,"Shohoz Rides Uttara, House#5, Road#7/A, Sector#3, Dhaka Dhaka, 1230"
DUCATI APPARELS LIMITED,23.8591189,90.403685,"House no, DUCATI APPARELS LIMITED, 24 Road-4, Dhaka 1230"
China Bangla Trade Corporation,23.8660294,90.3674475,"1230, China Bangla Trade Corporation, House no: 88, 46 Road No. 13, Dhaka 1230"
Quality Feeds Limited,23.861779,90.4013483,"Quality Feeds Limited, House 14 Road-07, Dhaka 1230"
"Red Cherry Bangladesh, Head Office",23.8601436,90.417915,"VC69+353 Red Cherry Bangladesh, Head Office, Dhaka 1230"
Aranya Uttara Showroom,23.83585,90.4176247,"Aranya Uttara Showroom, Floor 2nd, Plot 60, Sonargaon Janapath, Dhaka 1230"
KAC House,23.8765688,90.400033,"KAC House, House 11 (1st floor, Rd No 7C, Dhaka 1230"
Solid Group(Corporate Office),23.8640001,90.3988294,"V97X+JG4 Solid Group(Corporate Office), Dhaka 1230"
Spider Group HQ,23.8619005,90.3943699,"11House, Spider Group HQ, Sectore, 29 Road-3, Dhaka 1230"
Tamishna Group,23.8716526,90.3837292,"Tamishna Group, Sector 12 Uttara Dhaka, 1230"
LAILA GROUP,23.8612697,90.3993163,"V96X+GP4 LAILA GROUP, Jashimuddin Ave, Dhaka 1230"
MCCL HEAD OFFICE,23.8737559,90.3892338,"MCCL HEAD OFFICE, House 19, Road 14, Dhaka 1230"
BSRM Uttara Sales Office,23.8588356,90.4021877,"VC52+GVP BSRM Uttara Sales Office, Dhaka 1230"
ASR GROUP HEAD OFFICE,23.8734885,90.3902668,"V9FR+94R ASR GROUP HEAD OFFICE, Dhaka 1230"
