place_name,latitude,longitude,address
Headoffice Communication,23.7563756,90.3846132,"House 38/1 (1st Floor, Headoffice Communication, Indira Rd, Dhaka 1215"
Headoffice Communication,23.7532134,90.3916851,"House 38/1 (1st Floor, Headoffice Communication, Indira Rd, Dhaka 1215"
Newage Group Head Office,23.7559673,90.3855618,"Newage Group Head Office, 42/I Indira Rd, Dhaka 1215"
Royal Group Bangladesh (Head Office),23.7420133,90.3824139,"3rd Floor, Royal Group Bangladesh (Head Office), House 8/A, Road- 4, Royal Plaza, Dhaka 1205"
Bengal Agencies Limited. ( Corporate Head office ),23.7439822,90.3928244,"Bengal Agencies Limited. ( Corporate Head office ), JB Tower, 21, Poribagh Rd Number 2, Dhaka 1000"
Head Office Hamdard Laboratories (WAQF) Bangladesh,23.7455806,90.3953651,"Head Office Hamdard Laboratories (WAQF) Bangladesh, Rupayan Trade Center, Level: 12-13, Kazi Nazrul Islam Ave, Dhaka"
Head Office Hamdard Laboratories (WAQF) Bangladesh,23.7946022,90.4060263,"Head Office Hamdard Laboratories (WAQF) Bangladesh, Rupayan Trade Center, Level: 12-13, Kazi Nazrul Islam Ave, Dhaka"
Tiger Cement Head Office,23.7598245,90.3913398,"P9RP+P2F Tiger Cement Head Office, Central Rd, Dhaka 1205"
Meena Bazar Head Office,23.7532279,90.3695246,"House-44, Meena Bazar Head Office, Gemcon Builing, Dhaka 1205"
Younus Group Head Office,23.7414096,90.3867909,"1205, Younus Group Head Office, 51 Central Rd, Dhaka 1205"
AHL Export International,23.7700438,90.4084316,"AHL Export International, KA-31/C, (1st Floor), Flat-A2, South Mohakhali, Dhaka 1212"
"Rangpur Group, Head Office",23.7624492,90.371437,"Rangpur Group, Head Office, AB-4, Halcyon Heights Plot: 2/3, Block: A, Asad Gate, Mirpur Road, Mohammadpur Dhaka-1207, Dhaka, 1207"
Roxy Paints Ltd. Corporate Head Office,23.754128,90.3747625,"Roxy Paints Ltd. Corporate Head Office, House#8 Road#14 (New) 29 (Old), Dhanmondi, Dhaka, 1209"
Badsha Group Of Industries (Head Office),23.7598062,90.3967198,"Badsha Group Of Industries (Head Office), Phoenix Tower, 407 Shaheed Tajuddin Ahmed Ave, Dhaka 1208"
BRAC Bank Head Office,23.7718044,90.4063721,"BRAC Bank Head Office, Anik Tower, 220/B Bir Uttam Mir Shawkat Sarak, Dhaka 1208"
Al-Noor Corporation,23.7395165,90.3820227,"Al-Noor Corporation, 68, Chowdhorypara, 1219, Malibagh Chowdhury Para Rd, Dhaka"
MANAYAVAR BANGLADESH HEAD OFFICE,23.7644433,90.3642744,"4, MANAYAVAR BANGLADESH HEAD OFFICE, 5 Tajmahal Rd, Dhaka 1207"
Bengal Plywood Head Office.,23.7518585,90.395922,"Bengal Plywood Head Office., 30 Kawran Bazar Rd, Dhaka 1215"
G Gas Head Office,23.7665222,90.3965375,"Q98W+JJ3 G Gas Head Office, Dhaka 1205"
Xpro Head Office,23.7562239,90.3589795,"Q945+FHQ Xpro Head Office, Dhaka"
Runner Group,23.7624905,90.4067269,"138/1, Runner Group, Dhaka 1208"
Federal Insurance Co. Ltd.,23.7500651,90.3911436,"Federal Insurance Co. Ltd., 91, 2nd Fl, Kazi Nazrul Islam Avenue, Kawran Bazar, Dhaka 1215"
bKash Head Office 02,23.7784113,90.3971352,"Q9HW+9V6 bKash Head Office 02, Dhaka 1205"
The Rose Fashion Designer,23.7462587,90.3937642,"Flat 6A, The Rose Fashion Designer, 65 Mymensingh Ln, Dhaka 1000"
Lube Asia & Unique Consortium Head Office,23.7378449,90.3813508,"Lube Asia & Unique Consortium Head Office, 1 Rd No. 1, Dhaka 1205"
Kawasaki Bangladesh Head Office,23.7666029,90.4047955,"Kawasaki Bangladesh Head Office, 277 Tejgaon I/A, Dhaka, 1208"
Ekattor Television Ltd,23.7508382,90.3934146,"Ekattor Television Ltd, 12 BDBL Bhavan (Level 4, Dhaka 1215, 1215, 1215"
AMEZ Head Office,23.7490263,90.3920915,"AMEZ Head Office, Road, Sonargaon, 111 Sonargaon Road, Dhaka 1205"
Onnow - Tejgaon,23.7702399,90.4061032,"2nd floor, Onnow - Tejgaon, western garden city, 443 E Nakhalpara Rd, Dhaka 1215"
Premier Cement Mills PLC,23.7511178,90.3931939,"Premier Cement Mills PLC, T.K Bhaban, 13 Kawran Bazar Rd, Dhaka 1215"
I&I Services Ltd. (Head Office),23.7403398,90.3785197,"I&I Services Ltd. (Head Office), House#33 Road#04, Dhaka 1205"
I&I Services Ltd. (Head Office),23.7524948,90.3929228,"I&I Services Ltd. (Head Office), House#33 Road#04, Dhaka 1205"
Abedin Group Head Office,23.762498,90.3712506,"Abedin Group Head Office, Dream, House # 2/4, (2nd Floor Block # A Mohammadpur Housing Estate,Mirpur Road (Opposite to National Parliament House, Dhaka 1207"
Keari Sindbad (Head Office),23.7439434,90.3725502,"8/A, Keari Sindbad (Head Office), KEARI Plaza, (6th Floor) 83, 1209 Satmasjid Road, Dhaka 1209"
Al-Markazul Islami Head Office,23.7708143,90.3667005,"Q9C8+8MG Al-Markazul Islami Head Office, Dhaka"
"Demand, Head Office",23.7485384,90.4109534,"Demand, Head Office, Plaza, Boro Moghbazar, 78, Dhaka 1217"
NCCB Head Office,23.7417021,90.4089501,"143/1, NCCB Head Office, New Bailey Rd, Dhaka 1205"
Agrani Apartment Ltd,23.7452268,90.4045878,"Agrani Apartment Ltd, Boro Moghbazar, 128, Dhaka 1217"
Al-Muslim Group Head Office,23.7523702,90.414924,"Al-Muslim Group Head Office, 34/B Malibagh Chowdhury Para Rd, Dhaka 1219"
Leo pump Head office,23.7505384,90.3874186,"Leo pump Head office, Ajmery Complex, Dhaka 1205"
Lights Communication Ltd. Head Office.,23.7388137,90.3892986,"Lights Communication Ltd. Head Office., 236, Sheltech Sierra, New Elephant Rd, Dhaka 1205"
BFEW Head Office,23.7522904,90.3800819,"BFEW Head Office, 17 Bir Uttam Kazi Nuruzzaman Rd, Dhaka 1205"
Impress-Newtex Composite Textiles Ltd. (Corporate Head Office),23.7695489,90.402137,"260/B, Impress-Newtex Composite Textiles Ltd. (Corporate Head Office), Evergreen Plaza, Dhaka 1208"
Universal Computer BD (Head Office),23.7391435,90.3856539,"Universal Computer BD (Head Office), Rahmania Bhavan, 73 New Elephant Rd, Dhaka 1205"
Confidence Group,23.7504328,90.3920269,"Level 6-7, Confidence Group, Unique Trade Centre, 8 Panthapath, Dhaka 1215"
Team Pharmaceuticals Ltd.,23.7516754,90.3958092,"Team Pharmaceuticals Ltd., 29 Kawran Bazar Rd, Dhaka 1215"
Bli Securities Limited. (Head Office),23.7518662,90.3671198,"Bli Securities Limited. (Head Office), Rangs Panorama, Rangs Panaroma, 80 Satmasjid Road, Dhaka 1209"
ABS Cables Limited,23.7341623,90.4100467,"ABS Cables Limited, Lake Circus, ENA Tower DE OLIO , Plot # 57/3, Flat # 602, West Panthapath, Dhaka 1215"
Modhumoti Group,23.506657,90.3443647,"Modhumoti Group, 25/2 Green Rd, Dhaka 1205"
AL-KHAIR Developers Ltd. & DINIAH Builders Ltd. Head Office (ADL-DBL),23.7542112,90.3609522,"AL-KHAIR Developers Ltd. & DINIAH Builders Ltd. Head Office (ADL-DBL), Main Road, Katasur Rd, Dhaka 1207"
ZeiL'S Shop Ltd. Head Office,23.7350281,90.4075006,"PCP5+226 ZeiL'S Shop Ltd. Head Office, Dhaka 1205"
Robintex Group,23.7510835,90.3933624,"Robintex Group, 8th floor, T.K. Bhaban,Towfiq Hossain - Aah Towfiq Avenue, Near, 13 Kazi Nazrul Islam Ave, Dhaka 1215"
"Syngenta Bangladesh, Corporate office",23.7475403,90.3699268,"Syngenta Bangladesh, Corporate office, Green Rowshanara Tower(level-5&6, 755 Satmasjid Road, Dhaka 1205"
