place_name,latitude,longitude,address
Dhaka Express Head Office,23.7142027,90.4287557,"Dhaka Express Head Office, Mayor Mohammad Hanif Flyover, Dhaka"
ASBRM Head Office,23.7345803,90.4099104,"ASBRM Head Office, ১৯৮, Shahid Nazrul Islam Rd"
Abed HoldingsLtd. Head Office,23.731823,90.4143143,"PCJ7+PPG Abed HoldingsLtd. Head Office, Culvert Road, Dhaka"
BCB Head Office,23.7265191,90.4167124,"BCB Head Office, 53 Dilkusha, Dhaka"
Max Group Head Office,23.7270209,90.4195095,"Max Group Head Office, Baitul Hossain Building (6th Floor 27, Dhaka 1000"
N Mullick Poribahan (Head Office),23.7181115,90.4169372,"4, N Mullick Poribahan (Head Office), 1 Hare St, Dhaka 1203"
N Mullick Poribahan (Head Office),23.7532134,90.3916851,"4, N Mullick Poribahan (Head Office), 1 Hare St, Dhaka 1203"
দেশ জেনারেল ইন্স্যুরেন্স,23.7265726,90.4158594,"দেশ জেনারেল ইন্স্যুরেন্স, Dhaka"
ASPOR Head Office,23.732899,90.4139413,"ASPOR Head Office, 95 Khan Tower, 2/4 (2nd Floor, Mosque Rd, Dhaka 1000"
Bangladesh Paper Mills LTD (Head Office),23.7337347,90.4065354,"Bangladesh Paper Mills LTD (Head Office), 28/B Segun Bagicha Rd, Dhaka 1000"
MSP SOLUTION,23.71605,90.4084528,"MSP SOLUTION, 14 Purana Paltan, Dhaka 1000"
Mycash Head Office,23.7324127,90.4129385,"Mycash Head Office, Swadesh Tower (Level 10), 41/6, Culvert Road, Dhaka 1000"
Dynasty Furniture Head Office,23.7200239,90.417949,"Dynasty Furniture Head Office, Fortune Villa, 16/10 Rankin St, Dhaka 1203"
SKS Head Office,23.7370964,90.4112467,"SKS Head Office, Level-10, SKS Tower7, VIP Rd"
SKS Head Office,23.7946022,90.4060263,"SKS Head Office, Level-10, SKS Tower7, VIP Rd"
Gazi Group Head Office,23.732844,90.4120323,"PCM6+4RM Gazi Group Head Office, Culvert Road, Dhaka 1205"
Sharif Melamine Head Office,23.7126016,90.4003656,"Sharif Melamine Head Office, 14/20, Red Crescent Shopping Complex, Mitford Rd, Dhaka 1000"
Yousa Multibiz Ltd.(Head Office),23.7142332,90.4127978,"Yousa Multibiz Ltd.(Head Office), Navana Rahman Vista, Lal Chand Mukim Ln, Dhaka"
MEDLEY GROUP Head Office,23.7312087,90.4116726,"MEDLEY GROUP Head Office, 31/1 Purana Paltan, Dhaka 1000"
josiTrust Head Office,23.7180324,90.3888589,"P99Q+6G9 josiTrust Head Office, Dhaka 1211"
Jalalabad steel ltd ( Head Office),23.715226,90.4075437,"Jalalabad steel ltd ( Head Office), 57 goal nagar lane, ইংলিশ রোড, Dhaka 1100"
Three Angle Marine Ltd (Head-office),23.7284023,90.4167447,"PCH8+9M9 Three Angle Marine Ltd (Head-office), Dhaka"
Food Officer’s Jamuna Jute Industries Ltd. Head Office,23.7346245,90.4100236,"Food Officer’s Jamuna Jute Industries Ltd. Head Office, Suite-5, Level 15, Eastern Arzoo Complex, 197 Shaheed Syed Nazrul Islam, 61 Bijoy Nagar Road, Dhaka 1000"
Jalal Ahmed Spinning Mills Ltd. (Headoffice),23.726504,90.4168561,"52-53, Jalal Ahmed Spinning Mills Ltd. (Headoffice), Eunoos Center, Dilkusha-C/A, Dhaka 1000"
"Crystal Insurance Company Limited, Head Office",23.7320392,90.4142897,"65/2, Crystal Insurance Company Limited, Head Office, 2, Box Culvert Road, Dhaka 1000"
"Crystal Insurance Company Limited, Head Office",23.7285088,90.4176025,"65/2, Crystal Insurance Company Limited, Head Office, 2, Box Culvert Road, Dhaka 1000"
Al Haj Group Head Office,23.7280242,90.4186628,"Al Haj Group Head Office, 82 Motijheel Rd, Dhaka 1000"
NCCB Head Office,23.7417021,90.4089501,"143/1, NCCB Head Office, New Bailey Rd, Dhaka 1205"
Goodman Pharmaceuticals Ltd. Corporate Office,23.7280642,90.423582,"1, Goodman Pharmaceuticals Ltd. Corporate Office, 2 B Kamalapur Bazar Rd, Dhaka"
Goodman Pharmaceuticals Ltd. Corporate Office,23.7271458,90.4192531,"1, Goodman Pharmaceuticals Ltd. Corporate Office, 2 B Kamalapur Bazar Rd, Dhaka"
Goodman Pharmaceuticals Ltd. Corporate Office,23.7282232,90.4159701,"1, Goodman Pharmaceuticals Ltd. Corporate Office, 2 B Kamalapur Bazar Rd, Dhaka"
ZeiL'S Shop Ltd. Head Office,23.7350281,90.4075006,"PCP5+226 ZeiL'S Shop Ltd. Head Office, Dhaka 1205"
"48,Dilkusha, C/A",23.7258379,90.4193442,"48,Dilkusha, C/A, 48 Dilkusha Rd, Dhaka"
"Anjum Metal Industries ltd, Head Office.",23.7157297,90.4001222,"Anjum Metal Industries ltd, Head Office., 42 Noor Box Ln, Dhaka"
"Evana cable industries, Head Office",23.7212335,90.4118522,"Evana cable industries, Head Office, 128 Nawabpur Rd, Dhaka 1100"
"Evana cable industries, Head Office",23.7721039,90.4036662,"Evana cable industries, Head Office, 128 Nawabpur Rd, Dhaka 1100"
SSG (Super Star Group),23.7344403,90.4071063,"3rd floor, SSG (Super Star Group), UCEP Cheyne Tower, 25 Segun Bagicha Rd, Dhaka 1000"
Prime Group of Industries,23.7268631,90.4228319,"Floor-8, Prime Group of Industries, Sena Kalyan Bhaban, 195 Toyenbee Circular Road, Dhaka 1000"
Prime Group of Industries,23.7704596,90.4049753,"Floor-8, Prime Group of Industries, Sena Kalyan Bhaban, 195 Toyenbee Circular Road, Dhaka 1000"
Shapnoloak Housing Ltd.(Head Office),23.6984789,90.4355617,"Shapnoloak Housing Ltd.(Head Office), Amir Tower, Dholairpar, 1204 Dhaka - Mawa Hwy, Dhaka 1204"
Euroasioa Felt Industries Ltd - Head Office,23.7268416,90.4230002,"PCGF+P6J Euroasioa Felt Industries Ltd - Head Office, Dhaka"
Pioneer Insurance,23.770285,90.4050817,"Pioneer Insurance, 67, Suite#10/2, 9th Floor, City Heart Shopping Complex, Dhaka 1000"
BSRM Dhaka Corporate Office,23.738876,90.4096209,"104, BSRM Dhaka Corporate Office, 1 Bir Uttam Samsul Alam Road, Dhaka 1000"
ZAS Head Office,23.713048,90.43759,"PC7Q+628 ZAS Head Office, Shugandha Road, Dhaka"
Anondo Police Housing Society (Corporate Office),23.7297011,90.4146007,"Anondo Police Housing Society (Corporate Office), Dhaka"
UFTCL head office,23.72663,90.4191069,"UFTCL head office, 56 -57 Dilkusha Rd, Dhaka"
