place_name,latitude,longitude,address
United Group Head Office,23.7959234,90.4148814,"United Group Head Office, Gulshan Centre Point, Dhaka 1212"
JERICHO HEAD OFFICE,23.7981941,90.4022981,"JERICHO HEAD OFFICE, 133 Rd Number 4, Dhaka 1213"
OPPO Bangladesh Head Office,23.7731315,90.416012,"OPPO Bangladesh Head Office, 144-Police Plaza Concord Tower-B, Floor-9th, 1212"
AHL Export International,23.7700438,90.4084316,"AHL Export International, KA-31/C, (1st Floor), Flat-A2, South Mohakhali, Dhaka 1212"
CEBAI Head Office,23.7925908,90.4067136,"House No, CEBAI Head Office, 11 Road No. 17A, Dhaka 1213"
BRAC Bank Head Office,23.7718044,90.4063721,"BRAC Bank Head Office, Anik Tower, 220/B Bir Uttam Mir Shawkat Sarak, Dhaka 1208"
FHP liaison head office,23.764445,90.4268337,"QC7G+QPG FHP liaison head office, Dhaka 1202"
Pran RFL,23.7867113,90.4256924,"Pran RFL, Beside, BIMS Bhaban, Dhaka 1212"
Meghna Group of Industries (FRESH HOUSE),23.787936,90.4156958,"QCQ8+574 Meghna Group of Industries (FRESH HOUSE), House 23 Rd 24, Dhaka 1212"
Agora Head Office,23.7815723,90.4006635,"Agora Head Office, Paragon House, Dhaka 1212"
bKash Head Office 02,23.7784113,90.3971352,"Q9HW+9V6 bKash Head Office 02, Dhaka 1205"
BDCOM Head office,23.7744849,90.4159675,"Ground Floor, 1st Floor, BDCOM Head office, 1 Gulshan Avenue, Road-1, House-1, GL Bhaban, Dhaka 1212"
NDE Steel Structure Ltd. (Head Office),23.7924731,90.401488,"QCR2+XHQ NDE Steel Structure Ltd. (Head Office), Dhaka 1212"
United Commercial Bank | Head Office,23.7874374,90.4165268,"United Commercial Bank | Head Office, Bulus Centre, Plot - CWS- (A)-1, Road No - 34, Gulshan Ave, Dhaka 1212"
Corporate Projukti Limited,23.7933282,90.4084934,"Corporate Projukti Limited, R 06, H 18, 01 Gulshan Ave, Dhaka 1212"
"NDE HOUSE, National Development Engineers Ltd. (NDE) Head Office",23.7925467,90.4015518,"NDE HOUSE, National Development Engineers Ltd. (NDE) Head Office, House# 22, Road# 4, Block#C, Banani, Dhaka, 1213"
Coca-Cola Bangladesh Head Office,23.7769843,90.4169071,"Coca-Cola Bangladesh Head Office, Dhaka 1212"
S. Alam Group Dhaka Corporate Head Office,23.7747623,90.4152703,"S. Alam Group Dhaka Corporate Head Office, Plot 05 Rd 02, Dhaka 1212"
Prescription aid Head office,23.7919573,90.4054104,"Prescription aid Head office, 41 Rd No 13, Dhaka 1212"
"Antaranga Dot Com, Banasree Head Office",23.7647452,90.4286421,"Antaranga Dot Com, Banasree Head Office, 11 Banasree Main Rd, Dhaka 1219"
"Antaranga Dot Com, Banasree Head Office",23.7721039,90.4036662,"Antaranga Dot Com, Banasree Head Office, 11 Banasree Main Rd, Dhaka 1219"
Runner Group,23.7624905,90.4067269,"138/1, Runner Group, Dhaka 1208"
Upay Head Office,23.7874574,90.4165202,"Upay Head Office, Bulus Centre, Dhaka 1212"
BD Foods Ltd Head Office,23.7949011,90.4136404,"8th floor, BD Foods Ltd Head Office, Taher Tower, Dhaka 1212"
G Gas Head Office,23.7665222,90.3965375,"Q98W+JJ3 G Gas Head Office, Dhaka 1205"
Daraz Bangladesh Head Office,23.7901166,90.4105612,"Daraz Bangladesh Head Office, Asfia Tower, Rd No. 11, Dhaka 1213"
Mega Denim Limited,23.8048695,90.4216909,"C, House, Mega Denim Limited, Road # 2, 07 Baridhara J Block"
Flora Limited Head Office,23.7861343,90.416968,"Flora Limited Head Office, Rangs FC Enclave, Lavel: AB - 9 & B - 13, Plot No. : 6/A, Road No. : 32, Dhaka 1212"
Searock Head office,23.7935075,90.3976693,"Searock Head office, 21 Rd No 3, Dhaka 1206"
TNZ Group Head Office,23.7843054,90.3981558,"TNZ Group Head Office, Lane No 2, Dhaka 1212"
Hamko Leathers LTD Head Office,23.7714013,90.4245143,"Hamko Leathers LTD Head Office, House-2,Road-2,Baridhara Block J, Dhaka, 1212"
Crown Cement PLC,23.795767,90.4141429,"Crown Cement PLC, Delta Life Tower (3rd & 6th flrs, Plot 37 Rd 90, Dhaka 1212"
SQ Celsius Ltd Head office,23.7954128,90.4169042,"SQ Celsius Ltd Head office, 4th Floor, Concord I-K Tower, Plot: 2, Block CEN, A, Gulshan Ave, Dhaka 1212"
FAR GROUP Head office,23.7732838,90.4075231,"QCF5+826 FAR GROUP Head office, Dhaka 1212"
FAR GROUP Head office,23.7704596,90.4049753,"QCF5+826 FAR GROUP Head office, Dhaka 1212"
CREC Head Office,23.8069868,90.4185635,"CREC Head Office, 21 Road No. 12, Dhaka 1212"
DXN Head Office (Bangladesh HQ),23.7970017,90.4241109,"DXN Head Office (Bangladesh HQ), Plot#1B, Road#2A, Near Natun Bazar Foot Over Bridge, Dhaka 1212"
Islam Group Head Office,23.7941573,90.4052801,"Islam Group Head Office, 54 Kemal Ataturk Ave, Dhaka 1212"
Big boss in head office,23.7793033,90.4148867,"block-h, Big boss in head office, H-25 Rd 09, Mirpur 1216"
Y.K Knitwear Ltd ( Head office),23.792805,90.4080039,"Y.K Knitwear Ltd ( Head office), House : 35, Road : 17, BLOCK : E, Dhaka"
Onnow - Tejgaon,23.7702399,90.4061032,"2nd floor, Onnow - Tejgaon, western garden city, 443 E Nakhalpara Rd, Dhaka 1215"
DaBussy Head Office,23.7936205,90.4066004,"QCV4+CJX DaBussy Head Office, Dhaka 1212"
Kushiara Head Office,23.78029,90.3944982,"Q9JV+4Q9 Kushiara Head Office, Dhaka 1205"
Temp Glass LTD Head Office,23.7961181,90.3983086,"Q9WX+C8V Temp Glass LTD Head Office, Dhaka"
BFC Head Office,23.784108,90.4260016,"BFC Head Office, Cha 69, Progoti Sarani, Rupayan Millinium Square, Dhaka"
Kawasaki Bangladesh Head Office,23.7666029,90.4047955,"Kawasaki Bangladesh Head Office, 277 Tejgaon I/A, Dhaka, 1208"
Multiple Health Pharma Ltd. Head Office,23.7826581,90.3953824,"Multiple Health Pharma Ltd. Head Office, 122 Rd 21, Dhaka 1206"
Sweater Makers,23.7850938,90.3980914,"Sweater Makers, 1 Eastern Rd, Dhaka 1212"
Minister Hi-Tech Park Ltd.,23.7887744,90.4135742,"Minister Hi-Tech Park Ltd., House: 47, Road: 35/A, Dhaka 1212"
Stylex Collection,23.7608667,90.4044463,"Stylex Collection, House 175, Lane No 2, Eastern Rd, Dhaka 1206"
TFP Solutions Bangladesh Ltd ( Head Office),23.8038051,90.4219822,"TFP Solutions Bangladesh Ltd ( Head Office), 37 Sohrawardy Ave, Dhaka 1212"
DNCC Head Office,23.7957308,90.4149481,"QCW7+7XW DNCC Head Office, DIT II Cir, Dhaka 1212"
Eco Ceramics Head Office,23.7952434,90.4147252,"Eco Ceramics Head Office, Hamid Tower (3rd Floor), 24 Gulshan C/A, Circle- 02 Dhaka, 1212"
Patriot Spinning Mills Ltd.,23.7668119,90.396587,"Level-6, Patriot Spinning Mills Ltd., Empori Financial Center, Gulshan North Ave, Dhaka 1212"
Max Sweater Ltd. (Head Office),23.7875494,90.4150393,"2rd, Floor A-1 Apartment, Max Sweater Ltd. (Head Office), House#01 Rd 36, Dhaka 1212"
Steeltech Industries Ltd- Head Office,23.7933149,90.4034816,"Steeltech Industries Ltd- Head Office, Rangs Paramount, Plot 11, Road 17 Banani C/A, ( behind serina hotel ) Dhaka, Dhaka 1213"
Transcom Electronics & Transtec Lighting Head Office,23.789703,90.4010591,"Block F, Transcom Electronics & Transtec Lighting Head Office, 22 Rd No. 4, Dhaka 1212"
"Robi Corporate Office (RCO), Nafi tower",23.7812235,90.4164692,"Robi Corporate Office (RCO), Nafi tower, Robi Corporate Office, 53 Gulshan Ave, Dhaka 1212"
Agro Bangla Pharmaceutical Head Office,23.7820025,90.3951786,"Q9JW+Q32 Agro Bangla Pharmaceutical Head Office, Dhaka 1212"
Nagad Head Office,23.7935689,90.405111,"Nagad Head Office, Delta Dalia, 40 Kemal Ataturk Ave, Dhaka 1213"
Impress-Newtex Composite Textiles Ltd. (Corporate Head Office),23.7695489,90.402137,"260/B, Impress-Newtex Composite Textiles Ltd. (Corporate Head Office), Evergreen Plaza, Dhaka 1208"
Dream Way Properties Ltd.,23.7903232,90.4133374,"Dream Way Properties Ltd., House#3, (Level#4), Road#5, Block#J, Baridhara, Dhaka"
"Head office, Vorer pata Group of Industries",23.7919125,90.4148123,"Head office, Vorer pata Group of Industries, Eva Rose, house# 6/b, Level, 4 Rd 44, Dhaka 1212"
Mark Ice Cream,23.7727277,90.4041799,"Mark Ice Cream, House: 180/5/2, Road:08"
"EXIM Bank Training & Research Academy Unit 2, Head Office, EXIM Bank",23.7753741,90.4164887,"EXIM Bank Training & Research Academy Unit 2, Head Office, EXIM Bank, SE(H)-2, Road, 142 গুলশান এভিনিউ, Dhaka 1212"
Tiens Bangladesh,23.7838891,90.4159079,"Tiens Bangladesh, House # 41 Rd 24, Dhaka 1212"
Fiber@Home Global Limited,23.7787727,90.4123199,"Fiber@Home Global Limited, Bay Tower, 23 Gulshan Ave, Dhaka 1212"
Fountain Garments Head office,23.791006,90.4246624,"Fountain Garments Head office, Alliance Building, 63 Pragati Sarani, Dhaka 1212"
Dhaka Fiber Link Ltd. (Head Office),23.79219,90.4069606,"block E, Dhaka Fiber Link Ltd. (Head Office), House 22 Road No 13C, Dhaka 1213"
Dhaka Bank Limited | Head Office,23.7804823,90.4138536,"QCJ7+5GX Dhaka Bank Limited | Head Office, Bir Uttam AK Khandakar Road, Dhaka 1212"
Gorillamove Central Warehouse,23.777774,90.4141381,"Gorillamove Central Warehouse, 158 AB, BCC Road, Pragoti Mor (Near Orion Pharma Office/ Roads and Highways Department), Tejgaon I/A Dhaka 1208 Dhaka North"
Manabay Head Office,23.7949011,90.4136404,"14th Floor, Manabay Head Office, Sanmar Tower-2, 2 Gulshan Ave, Dhaka 1212"
Omegal Head Office,23.8006261,90.4245127,"RC2F+7R2 Omegal Head Office, Baridhara J Block, Dhaka 1212"
Navana 93 Corporate Office,23.7952333,90.4184645,"Navana 93 Corporate Office, Road No 93, 16/B, Dhaka, 1212"
Bangladesh Center for Workers Solidarity (BCWS),23.7665599,90.4215769,"Bangladesh Center for Workers Solidarity (BCWS), 464/H, (4th Floor), Islam Tower, Dhaka 1219"
MB Solutions Bangladesh Limited (Head Office),23.7706584,90.4034723,"Level 8, MB Solutions Bangladesh Limited (Head Office), Impetus Centre, 242/B Bir Uttam Mir Shawkat Sarak, Dhaka 1208"
SHIMA SEIKI HEAD OFFICE,23.7940285,90.4174795,"QCV8+JX9 SHIMA SEIKI HEAD OFFICE, Rd 99, Dhaka 1212"
SHIMA SEIKI HEAD OFFICE,23.7931971,90.4085553,"QCV8+JX9 SHIMA SEIKI HEAD OFFICE, Rd 99, Dhaka 1212"
Samsung C&T Corporation Bangladesh Office,23.7793889,90.4156936,"Samsung C&T Corporation Bangladesh Office, Plot-01, 5th floor, Road-11, Block: H, Dhaka Dhaka Cantonment Dhaka-1206, 1206"
GAL - Global Appliances Limited (Head Office),23.7893393,90.4035092,"Block: F, GAL - Global Appliances Limited (Head Office), House: 15/A, Road:8, Dhaka 1213"
Head Office of Akij Steel Mills Ltd.,23.7940466,90.4060103,"Head Office of Akij Steel Mills Ltd., 6 Floor, Simpletree Light House, Kemal Ataturk Ave, Dhaka 1213"
"Echotex Limited, Head Office Bangladesh",23.7833089,90.3979895,"Echotex Limited, Head Office Bangladesh, House 139 Lane No. 4, Dhaka 1206"
"Echotex Limited, Head Office Bangladesh",23.814823,90.4379035,"Echotex Limited, Head Office Bangladesh, House 139 Lane No. 4, Dhaka 1206"
