place_name,latitude,longitude,address
Abed HoldingsLtd. Head Office,23.731823,90.4143143,"PCJ7+PPG Abed HoldingsLtd. Head Office, Culvert Road, Dhaka"
BCB Head Office,23.7265191,90.4167124,"BCB Head Office, 53 Dilkusha, Dhaka"
Max Group Head Office,23.7270209,90.4195095,"Max Group Head Office, Baitul Hossain Building (6th Floor 27, Dhaka 1000"
ASBRM Head Office,23.7345803,90.4099104,"ASBRM Head Office, ১৯৮, Shahid Nazrul Islam Rd"
দেশ জেনারেল ইন্স্যুরেন্স,23.7265726,90.4158594,"দেশ জেনারেল ইন্স্যুরেন্স, Dhaka"
Dhaka Express Head Office,23.7142027,90.4287557,"Dhaka Express Head Office, Mayor Mohammad Hanif Flyover, Dhaka"
Health Engineering Department (HED),23.7294593,90.4169503,"105, Health Engineering Department (HED), 106 Motijheel Road, Dhaka 1000"
ASPOR Head Office,23.732899,90.4139413,"ASPOR Head Office, 95 Khan Tower, 2/4 (2nd Floor, Mosque Rd, Dhaka 1000"
ASPOR Head Office,23.7248318,90.4213131,"ASPOR Head Office, 95 Khan Tower, 2/4 (2nd Floor, Mosque Rd, Dhaka 1000"
London Express LTD. (Head Office),23.7330199,90.4189517,"London Express LTD. (Head Office), 4th floor, Jamidar palace, Dhaka"
Mycash Head Office,23.7324127,90.4129385,"Mycash Head Office, Swadesh Tower (Level 10), 41/6, Culvert Road, Dhaka 1000"
Three Angle Marine Ltd (Head-office),23.7284023,90.4167447,"PCH8+9M9 Three Angle Marine Ltd (Head-office), Dhaka"
Three Angle Marine Ltd (Head-office),23.7532134,90.3916851,"PCH8+9M9 Three Angle Marine Ltd (Head-office), Dhaka"
Bangladesh Paper Mills LTD (Head Office),23.7337347,90.4065354,"Bangladesh Paper Mills LTD (Head Office), 28/B Segun Bagicha Rd, Dhaka 1000"
Gazi Group Head Office,23.732844,90.4120323,"PCM6+4RM Gazi Group Head Office, Culvert Road, Dhaka 1205"
SKS Head Office,23.7370964,90.4112467,"SKS Head Office, Level-10, SKS Tower7, VIP Rd"
"National Bank Limited, IT Division",23.72978,90.414593,"PCH7+WR8 National Bank Limited, IT Division, Printer's Builidng Rd, Dhaka"
"National Bank Limited, IT Division",23.7285088,90.4176025,"PCH7+WR8 National Bank Limited, IT Division, Printer's Builidng Rd, Dhaka"
Jalal Ahmed Spinning Mills Ltd. (Headoffice),23.726504,90.4168561,"52-53, Jalal Ahmed Spinning Mills Ltd. (Headoffice), Eunoos Center, Dilkusha-C/A, Dhaka 1000"
MEDLEY GROUP Head Office,23.7312087,90.4116726,"MEDLEY GROUP Head Office, 31/1 Purana Paltan, Dhaka 1000"
"Crystal Insurance Company Limited, Head Office",23.7320392,90.4142897,"65/2, Crystal Insurance Company Limited, Head Office, 2, Box Culvert Road, Dhaka 1000"
MSP SOLUTION,23.71605,90.4084528,"MSP SOLUTION, 14 Purana Paltan, Dhaka 1000"
Goodman Pharmaceuticals Ltd. Corporate Office,23.7280642,90.423582,"1, Goodman Pharmaceuticals Ltd. Corporate Office, 2 B Kamalapur Bazar Rd, Dhaka"
Goodman Pharmaceuticals Ltd. Corporate Office,23.7946022,90.4060263,"1, Goodman Pharmaceuticals Ltd. Corporate Office, 2 B Kamalapur Bazar Rd, Dhaka"
Goodman Pharmaceuticals Ltd. Corporate Office,23.7187366,90.4194854,"1, Goodman Pharmaceuticals Ltd. Corporate Office, 2 B Kamalapur Bazar Rd, Dhaka"
OPPO Bangladesh South Dhaka Office,23.7372417,90.4112847,"69, OPPO Bangladesh South Dhaka Office, 1 VIP Rd, Dhaka 1205"
"48,Dilkusha, C/A",23.7258379,90.4193442,"48,Dilkusha, C/A, 48 Dilkusha Rd, Dhaka"
Al Haj Group Head Office,23.7280242,90.4186628,"Al Haj Group Head Office, 82 Motijheel Rd, Dhaka 1000"
Prime Group of Industries,23.7268631,90.4228319,"Floor-8, Prime Group of Industries, Sena Kalyan Bhaban, 195 Toyenbee Circular Road, Dhaka 1000"
Sharif Melamine Head Office,23.7126016,90.4003656,"Sharif Melamine Head Office, 14/20, Red Crescent Shopping Complex, Mitford Rd, Dhaka 1000"
N Mullick Poribahan (Head Office),23.7181115,90.4169372,"4, N Mullick Poribahan (Head Office), 1 Hare St, Dhaka 1203"
Euroasioa Felt Industries Ltd - Head Office,23.7268416,90.4230002,"PCGF+P6J Euroasioa Felt Industries Ltd - Head Office, Dhaka"
Anondo Police Housing Society (Corporate Office),23.7297011,90.4146007,"Anondo Police Housing Society (Corporate Office), Dhaka"
ABS International (Corporate Office),23.7341623,90.4100467,"ABS International (Corporate Office), 79, Siddwswary Circular Road, Malibag More, Shantinagar, Dhaka 1217"
Jalalabad steel ltd ( Head Office),23.715226,90.4075437,"Jalalabad steel ltd ( Head Office), 57 goal nagar lane, ইংলিশ রোড, Dhaka 1100"
Khoshroz Kitab Mahal,23.726556,90.4168812,"Khoshroz Kitab Mahal, 15 Bangla Bazar Rd, Dhaka 1100"
NCCB Head Office,23.7417021,90.4089501,"143/1, NCCB Head Office, New Bailey Rd, Dhaka 1205"
Dynasty Furniture Head Office,23.7200239,90.417949,"Dynasty Furniture Head Office, Fortune Villa, 16/10 Rankin St, Dhaka 1203"
Beacon Business Centre,23.7283308,90.422976,"9/B, Beacon Business Centre, 2 Toyenbee Circular Road, Dhaka 1223"
Yousa Multibiz Ltd.(Head Office),23.7142332,90.4127978,"Yousa Multibiz Ltd.(Head Office), Navana Rahman Vista, Lal Chand Mukim Ln, Dhaka"
ZeiL'S Shop Ltd. Head Office,23.7350281,90.4075006,"PCP5+226 ZeiL'S Shop Ltd. Head Office, Dhaka 1205"
Al-Noor Corporation,23.7395165,90.3820227,"Al-Noor Corporation, 68, Chowdhorypara, 1219, Malibagh Chowdhury Para Rd, Dhaka"
IBM Bangladesh Head Office,23.7405591,90.3965593,"Building No 1, IBM Bangladesh Head Office, at BSL Complex, 1 Minto Rd, Dhaka 1000"
Olympic Industries Ltd.,23.7275458,90.4203664,"62, Olympic Industries Ltd., Amin Court, 63 Motijheel Rd, Dhaka 1000"
Eunoos Center,23.726556,90.4168812,"52, Eunoos Center, 53 Dilkusha, Dhaka 1000"
Vertex Stock & Securities Limited,23.7506851,90.3916853,"13-A, 13-B, Vertex Stock & Securities Limited, City Centre (13th Floor, Level-14), Unit, 90/1 Motijheel Rd, Dhaka 1000"
SSG (Super Star Group),23.7344403,90.4071063,"3rd floor, SSG (Super Star Group), UCEP Cheyne Tower, 25 Segun Bagicha Rd, Dhaka 1000"
"Demand, Head Office",23.7485384,90.4109534,"Demand, Head Office, Plaza, Boro Moghbazar, 78, Dhaka 1217"
Al-Muslim Group Head Office,23.7523702,90.414924,"Al-Muslim Group Head Office, 34/B Malibagh Chowdhury Para Rd, Dhaka 1219"
UFTCL head office,23.72663,90.4191069,"UFTCL head office, 56 -57 Dilkusha Rd, Dhaka"
সুরুজ মিয়া গ্রুপ অব ইন্ডাস্ট্রিজ,23.7269368,90.4228006,"10 Floor, সুরুজ মিয়া গ্রুপ অব ইন্ডাস্ট্রিজ, Sena Kalyan Bhaban, 195 Toyenbee Circular Road, Dhaka 1000"
"Evana cable industries, Head Office",23.7212335,90.4118522,"Evana cable industries, Head Office, 128 Nawabpur Rd, Dhaka 1100"
"Evana cable industries, Head Office",23.7721039,90.4036662,"Evana cable industries, Head Office, 128 Nawabpur Rd, Dhaka 1100"
Agrani Apartment Ltd,23.7452268,90.4045878,"Agrani Apartment Ltd, Boro Moghbazar, 128, Dhaka 1217"
BSRM Dhaka Corporate Office,23.738876,90.4096209,"104, BSRM Dhaka Corporate Office, 1 Bir Uttam Samsul Alam Road, Dhaka 1000"
"Anjum Metal Industries ltd, Head Office.",23.7157297,90.4001222,"Anjum Metal Industries ltd, Head Office., 42 Noor Box Ln, Dhaka"
Muslin Limetd,23.7292716,90.414544,"PCH7+PR3 Muslin Limetd, Dhaka"
MBL Head Office,23.7423691,90.4115793,"MBL Head Office, 1 Shiddheswari Ln, Dhaka 1217"
Pioneer Insurance,23.770285,90.4050817,"Pioneer Insurance, 67, Suite#10/2, 9th Floor, City Heart Shopping Complex, Dhaka 1000"
SFF Head Office - HQ,23.7456076,90.4142449,"SFF Head Office - HQ, Shahi Mosque Rd, Dhaka"
Sonali Investment ltd,23.726124,90.418357,"Sonali Investment ltd, Borak-Biz Center, 1th Floor& 2nd Floor, 70 Dilkusha Rd, Dhaka 1000"
